{
"meta":{"test_sets":[],"test_metrics":[],"learn_metrics":[{"best_value":"Min","name":"Logloss"}],"launch_mode":"Train","parameters":"","iteration_count":1000,"learn_sets":["learn"],"name":"experiment"},
"iterations":[
{"learn":[0.2598694231],"iteration":0,"passed_time":0.009604324182,"remaining_time":9.594719858},
{"learn":[0.1750360911],"iteration":1,"passed_time":0.02326675964,"remaining_time":11.61011306},
{"learn":[0.149662822],"iteration":2,"passed_time":0.03426203037,"remaining_time":11.38641476},
{"learn":[0.1271859942],"iteration":3,"passed_time":0.04755680218,"remaining_time":11.84164374},
{"learn":[0.1193935724],"iteration":4,"passed_time":0.06098534237,"remaining_time":12.13608313},
{"learn":[0.1111047534],"iteration":5,"passed_time":0.0716616424,"remaining_time":11.87194542},
{"learn":[0.1042729471],"iteration":6,"passed_time":0.08401935697,"remaining_time":11.91874592},
{"learn":[0.09852660943],"iteration":7,"passed_time":0.09662862297,"remaining_time":11.98194925},
{"learn":[0.09375146129],"iteration":8,"passed_time":0.1132843811,"remaining_time":12.47386908},
{"learn":[0.08910999773],"iteration":9,"passed_time":0.1244393839,"remaining_time":12.319499},
{"learn":[0.08538676046],"iteration":10,"passed_time":0.1380723221,"remaining_time":12.41395696},
{"learn":[0.07915074426],"iteration":11,"passed_time":0.1516799886,"remaining_time":12.48831907},
{"learn":[0.07420119257],"iteration":12,"passed_time":0.1646110876,"remaining_time":12.49778026},
{"learn":[0.06803794146],"iteration":13,"passed_time":0.1759924407,"remaining_time":12.39489618},
{"learn":[0.06368398239],"iteration":14,"passed_time":0.1867817387,"remaining_time":12.26533418},
{"learn":[0.06159828668],"iteration":15,"passed_time":0.1991939914,"remaining_time":12.25043047},
{"learn":[0.05879320519],"iteration":16,"passed_time":0.2119537859,"remaining_time":12.25591597},
{"learn":[0.05697620785],"iteration":17,"passed_time":0.2291849241,"remaining_time":12.50331086},
{"learn":[0.05599440669],"iteration":18,"passed_time":0.250649333,"remaining_time":12.94142083},
{"learn":[0.0541530899],"iteration":19,"passed_time":0.2633262519,"remaining_time":12.90298634},
{"learn":[0.05280571751],"iteration":20,"passed_time":0.2970363452,"remaining_time":13.84755152},
{"learn":[0.05153714287],"iteration":21,"passed_time":0.3288141744,"remaining_time":14.61728466},
{"learn":[0.04876943724],"iteration":22,"passed_time":0.3494592702,"remaining_time":14.84442204},
{"learn":[0.04661221921],"iteration":23,"passed_time":0.3681018233,"remaining_time":14.96947415},
{"learn":[0.04532464435],"iteration":24,"passed_time":0.3817494743,"remaining_time":14.8882295},
{"learn":[0.04389125126],"iteration":25,"passed_time":0.3970441051,"remaining_time":14.87388301},
{"learn":[0.04228723559],"iteration":26,"passed_time":0.4103842949,"remaining_time":14.78903404},
{"learn":[0.04124066465],"iteration":27,"passed_time":0.4221851544,"remaining_time":14.65585608},
{"learn":[0.04051393476],"iteration":28,"passed_time":0.4330837718,"remaining_time":14.50083939},
{"learn":[0.04005446472],"iteration":29,"passed_time":0.4434865264,"remaining_time":14.33939769},
{"learn":[0.03908721297],"iteration":30,"passed_time":0.4537702776,"remaining_time":14.18398061},
{"learn":[0.0385794585],"iteration":31,"passed_time":0.4632328502,"remaining_time":14.01279372},
{"learn":[0.03765374682],"iteration":32,"passed_time":0.5232133239,"remaining_time":15.33173589},
{"learn":[0.03710087471],"iteration":33,"passed_time":0.5497959612,"remaining_time":15.62067348},
{"learn":[0.0365604096],"iteration":34,"passed_time":0.5786778875,"remaining_time":15.95497604},
{"learn":[0.03579214283],"iteration":35,"passed_time":0.6073780512,"remaining_time":16.26423448},
{"learn":[0.03424236793],"iteration":36,"passed_time":0.6232876994,"remaining_time":16.2223258},
{"learn":[0.03343673527],"iteration":37,"passed_time":0.6364270815,"remaining_time":16.11165401},
{"learn":[0.03315806556],"iteration":38,"passed_time":0.6488409972,"remaining_time":15.98810765},
{"learn":[0.03288937031],"iteration":39,"passed_time":0.6594811579,"remaining_time":15.82754779},
{"learn":[0.03196968363],"iteration":40,"passed_time":0.6743495806,"remaining_time":15.77320117},
{"learn":[0.03148024895],"iteration":41,"passed_time":0.6871454795,"remaining_time":15.67346117},
{"learn":[0.03109584464],"iteration":42,"passed_time":0.6984130142,"remaining_time":15.54375011},
{"learn":[0.03083168107],"iteration":43,"passed_time":0.7085106748,"remaining_time":15.39400466},
{"learn":[0.03061599139],"iteration":44,"passed_time":0.720231284,"remaining_time":15.28490836},
{"learn":[0.03024500384],"iteration":45,"passed_time":0.7319324788,"remaining_time":15.17964315},
{"learn":[0.02989010308],"iteration":46,"passed_time":0.744895926,"remaining_time":15.10395356},
{"learn":[0.02954184783],"iteration":47,"passed_time":0.7564795597,"remaining_time":15.00351127},
{"learn":[0.02929076751],"iteration":48,"passed_time":0.7696387299,"remaining_time":14.93727413},
{"learn":[0.02892193427],"iteration":49,"passed_time":0.7819309797,"remaining_time":14.85668861},
{"learn":[0.02837516521],"iteration":50,"passed_time":0.7934580535,"remaining_time":14.764543},
{"learn":[0.02826632131],"iteration":51,"passed_time":0.8036152353,"remaining_time":14.6505239},
{"learn":[0.02799747904],"iteration":52,"passed_time":0.8153362538,"remaining_time":14.56836665},
{"learn":[0.02775733613],"iteration":53,"passed_time":0.8278707119,"remaining_time":14.5030684},
{"learn":[0.02754752099],"iteration":54,"passed_time":0.8402705907,"remaining_time":14.43737651},
{"learn":[0.02732070452],"iteration":55,"passed_time":0.8507529354,"remaining_time":14.34126377},
{"learn":[0.02707445194],"iteration":56,"passed_time":0.861095156,"remaining_time":14.24583741},
{"learn":[0.02688481583],"iteration":57,"passed_time":0.8721417294,"remaining_time":14.16478464},
{"learn":[0.02670115911],"iteration":58,"passed_time":0.8824810311,"remaining_time":14.07482458},
{"learn":[0.02652567594],"iteration":59,"passed_time":0.895346693,"remaining_time":14.02709819},
{"learn":[0.02628958728],"iteration":60,"passed_time":0.9081490862,"remaining_time":13.97954085},
{"learn":[0.02601105903],"iteration":61,"passed_time":0.9214626838,"remaining_time":13.94083867},
{"learn":[0.02589810726],"iteration":62,"passed_time":0.9326321479,"remaining_time":13.87105274},
{"learn":[0.02550137024],"iteration":63,"passed_time":0.9446529102,"remaining_time":13.81554881},
{"learn":[0.02541072376],"iteration":64,"passed_time":0.9571145973,"remaining_time":13.76772536},
{"learn":[0.02520955591],"iteration":65,"passed_time":0.9736464808,"remaining_time":13.77857293},
{"learn":[0.02507438721],"iteration":66,"passed_time":0.9868293314,"remaining_time":13.74196666},
{"learn":[0.0249746293],"iteration":67,"passed_time":0.9976174292,"remaining_time":13.67322712},
{"learn":[0.02486612675],"iteration":68,"passed_time":1.010503071,"remaining_time":13.63446897},
{"learn":[0.0244729354],"iteration":69,"passed_time":1.023026449,"remaining_time":13.59163711},
{"learn":[0.02437230613],"iteration":70,"passed_time":1.034217644,"remaining_time":13.53222805},
{"learn":[0.02426087916],"iteration":71,"passed_time":1.04424971,"remaining_time":13.45921849},
{"learn":[0.02411802325],"iteration":72,"passed_time":1.055158291,"remaining_time":13.39906487},
{"learn":[0.02399845117],"iteration":73,"passed_time":1.065223488,"remaining_time":13.32968852},
{"learn":[0.02384637771],"iteration":74,"passed_time":1.074328881,"remaining_time":13.25005619},
{"learn":[0.02380676818],"iteration":75,"passed_time":1.084323503,"remaining_time":13.18309101},
{"learn":[0.02370787039],"iteration":76,"passed_time":1.09895773,"remaining_time":13.17322058},
{"learn":[0.02348641829],"iteration":77,"passed_time":1.110459636,"remaining_time":13.12620237},
{"learn":[0.02339283515],"iteration":78,"passed_time":1.121497233,"remaining_time":13.07467027},
{"learn":[0.02327665347],"iteration":79,"passed_time":1.134211335,"remaining_time":13.04343035},
{"learn":[0.02309897917],"iteration":80,"passed_time":1.146431905,"remaining_time":13.0070484},
{"learn":[0.02309902571],"iteration":81,"passed_time":1.15485929,"remaining_time":12.92879058},
{"learn":[0.02302142633],"iteration":82,"passed_time":1.166509902,"remaining_time":12.88782627},
{"learn":[0.0230205564],"iteration":83,"passed_time":1.175762801,"remaining_time":12.8214134},
{"learn":[0.02290250339],"iteration":84,"passed_time":1.18564036,"remaining_time":12.76306976},
{"learn":[0.02276348827],"iteration":85,"passed_time":1.196264627,"remaining_time":12.71378917},
{"learn":[0.02264378149],"iteration":86,"passed_time":1.207366568,"remaining_time":12.67041008},
{"learn":[0.02264319174],"iteration":87,"passed_time":1.229410247,"remaining_time":12.74116074},
{"learn":[0.02264313313],"iteration":88,"passed_time":1.238062143,"remaining_time":12.67274845},
{"learn":[0.02264297222],"iteration":89,"passed_time":1.245977249,"remaining_time":12.59821441},
{"learn":[0.02264290455],"iteration":90,"passed_time":1.25344846,"remaining_time":12.52071044},
{"learn":[0.0226426103],"iteration":91,"passed_time":1.268975271,"remaining_time":12.5242342},
{"learn":[0.02264230423],"iteration":92,"passed_time":1.281709777,"remaining_time":12.50011578},
{"learn":[0.02264228018],"iteration":93,"passed_time":1.29044669,"remaining_time":12.43770959},
{"learn":[0.02264219687],"iteration":94,"passed_time":1.299289067,"remaining_time":12.37743795},
{"learn":[0.02264203111],"iteration":95,"passed_time":1.307765707,"remaining_time":12.31479374},
{"learn":[0.02264147614],"iteration":96,"passed_time":1.31597062,"remaining_time":12.25073681},
{"learn":[0.02264093654],"iteration":97,"passed_time":1.324898803,"remaining_time":12.19447673},
{"learn":[0.02264045922],"iteration":98,"passed_time":1.333630917,"remaining_time":12.13738845},
{"learn":[0.02264033622],"iteration":99,"passed_time":1.343541836,"remaining_time":12.09187652},
{"learn":[0.02263978842],"iteration":100,"passed_time":1.353602945,"remaining_time":12.04840641},
{"learn":[0.02263978842],"iteration":101,"passed_time":1.362637525,"remaining_time":11.9965539},
{"learn":[0.02263978842],"iteration":102,"passed_time":1.371606689,"remaining_time":11.94496311},
{"learn":[0.02263978842],"iteration":103,"passed_time":1.381784037,"remaining_time":11.90460093},
{"learn":[0.02263978842],"iteration":104,"passed_time":1.392547437,"remaining_time":11.86980911},
{"learn":[0.02263978842],"iteration":105,"passed_time":1.402854876,"remaining_time":11.83162508},
{"learn":[0.02263978842],"iteration":106,"passed_time":1.411997853,"remaining_time":11.78424376},
{"learn":[0.02263978842],"iteration":107,"passed_time":1.422645711,"remaining_time":11.74999976},
{"learn":[0.02263978842],"iteration":108,"passed_time":1.430618427,"remaining_time":11.69432127},
{"learn":[0.02263978842],"iteration":109,"passed_time":1.438162528,"remaining_time":11.63604227},
{"learn":[0.02263978842],"iteration":110,"passed_time":1.445286272,"remaining_time":11.57531078},
{"learn":[0.02263978842],"iteration":111,"passed_time":1.453597745,"remaining_time":11.52495355},
{"learn":[0.02263978842],"iteration":112,"passed_time":1.462470296,"remaining_time":11.47974471},
{"learn":[0.02263978842],"iteration":113,"passed_time":1.471943965,"remaining_time":11.4398452},
{"learn":[0.02263978842],"iteration":114,"passed_time":1.48125149,"remaining_time":11.39919625},
{"learn":[0.02263951859],"iteration":115,"passed_time":1.489416718,"remaining_time":11.35038258},
{"learn":[0.02263952194],"iteration":116,"passed_time":1.499026286,"remaining_time":11.31316419},
{"learn":[0.02263934895],"iteration":117,"passed_time":1.506849368,"remaining_time":11.26306053},
{"learn":[0.02263889584],"iteration":118,"passed_time":1.521001212,"remaining_time":11.26052157},
{"learn":[0.02263886462],"iteration":119,"passed_time":1.530192006,"remaining_time":11.22140804},
{"learn":[0.02263844877],"iteration":120,"passed_time":1.539452756,"remaining_time":11.18329729},
{"learn":[0.02263844898],"iteration":121,"passed_time":1.548528673,"remaining_time":11.1443293},
{"learn":[0.02263826387],"iteration":122,"passed_time":1.557860555,"remaining_time":11.10767241},
{"learn":[0.02263813359],"iteration":123,"passed_time":1.568234562,"remaining_time":11.07881836},
{"learn":[0.02263813359],"iteration":124,"passed_time":1.580313997,"remaining_time":11.06219798},
{"learn":[0.02263791235],"iteration":125,"passed_time":1.58986177,"remaining_time":11.02808878},
{"learn":[0.02263783281],"iteration":126,"passed_time":1.599081035,"remaining_time":10.99210822},
{"learn":[0.02263756304],"iteration":127,"passed_time":1.608087106,"remaining_time":10.95509341},
{"learn":[0.02263736412],"iteration":128,"passed_time":1.618973004,"remaining_time":10.93120532},
{"learn":[0.02263717048],"iteration":129,"passed_time":1.629933342,"remaining_time":10.90801545},
{"learn":[0.02263676374],"iteration":130,"passed_time":1.640335976,"remaining_time":10.88131269},
{"learn":[0.02263640025],"iteration":131,"passed_time":1.649634808,"remaining_time":10.84759859},
{"learn":[0.0226363741],"iteration":132,"passed_time":1.659358365,"remaining_time":10.81702032},
{"learn":[0.02263626879],"iteration":133,"passed_time":1.669107893,"remaining_time":10.78692116},
{"learn":[0.02263580931],"iteration":134,"passed_time":1.682045199,"remaining_time":10.77754887},
{"learn":[0.02263546189],"iteration":135,"passed_time":1.692772099,"remaining_time":10.75408157},
{"learn":[0.02263507246],"iteration":136,"passed_time":1.706181739,"remaining_time":10.74769957},
{"learn":[0.02263431582],"iteration":137,"passed_time":1.717502706,"remaining_time":10.72816908},
{"learn":[0.02256336878],"iteration":138,"passed_time":1.731255121,"remaining_time":10.72381769},
{"learn":[0.02243064467],"iteration":139,"passed_time":1.743413122,"remaining_time":10.70953775},
{"learn":[0.02233548769],"iteration":140,"passed_time":1.757902202,"remaining_time":10.7094893},
{"learn":[0.02233537516],"iteration":141,"passed_time":1.770334529,"remaining_time":10.69681004},
{"learn":[0.02218825372],"iteration":142,"passed_time":1.782286039,"remaining_time":10.68125269},
{"learn":[0.02210904258],"iteration":143,"passed_time":1.793787458,"remaining_time":10.66306989},
{"learn":[0.02201912918],"iteration":144,"passed_time":1.807311498,"remaining_time":10.65690573},
{"learn":[0.02189399375],"iteration":145,"passed_time":1.818927997,"remaining_time":10.63948294},
{"learn":[0.02178500494],"iteration":146,"passed_time":1.829782382,"remaining_time":10.61771682},
{"learn":[0.02165323944],"iteration":147,"passed_time":1.840464792,"remaining_time":10.59510813},
{"learn":[0.02165312022],"iteration":148,"passed_time":1.850358073,"remaining_time":10.56815248},
{"learn":[0.02154409759],"iteration":149,"passed_time":1.861925751,"remaining_time":10.55091259},
{"learn":[0.02154390794],"iteration":150,"passed_time":1.875600434,"remaining_time":10.54559449},
{"learn":[0.02154386313],"iteration":151,"passed_time":1.890233328,"remaining_time":10.54551225},
{"learn":[0.02154366637],"iteration":152,"passed_time":1.901473257,"remaining_time":10.52645653},
{"learn":[0.02154345256],"iteration":153,"passed_time":1.911251038,"remaining_time":10.49946999},
{"learn":[0.02154266918],"iteration":154,"passed_time":1.921933352,"remaining_time":10.47763666},
{"learn":[0.02154258635],"iteration":155,"passed_time":1.93632251,"remaining_time":10.47600127},
{"learn":[0.02154190941],"iteration":156,"passed_time":1.94971518,"remaining_time":10.46885285},
{"learn":[0.02154135293],"iteration":157,"passed_time":1.961667169,"remaining_time":10.45394782},
{"learn":[0.02154078194],"iteration":158,"passed_time":1.972653138,"remaining_time":10.43397037},
{"learn":[0.02154031454],"iteration":159,"passed_time":1.992713221,"remaining_time":10.46174441},
{"learn":[0.02154022309],"iteration":160,"passed_time":2.005471502,"remaining_time":10.45087323},
{"learn":[0.02153970764],"iteration":161,"passed_time":2.014915435,"remaining_time":10.42283416},
{"learn":[0.02153953132],"iteration":162,"passed_time":2.022984481,"remaining_time":10.38796325},
{"learn":[0.02153945378],"iteration":163,"passed_time":2.032827916,"remaining_time":10.36246426},
{"learn":[0.0215394521],"iteration":164,"passed_time":2.044243213,"remaining_time":10.3451096},
{"learn":[0.02153921932],"iteration":165,"passed_time":2.05750971,"remaining_time":10.3371271},
{"learn":[0.02153860714],"iteration":166,"passed_time":2.069401594,"remaining_time":10.32222472},
{"learn":[0.0215385413],"iteration":167,"passed_time":2.078668271,"remaining_time":10.29435715},
{"learn":[0.02153840525],"iteration":168,"passed_time":2.0874661,"remaining_time":10.26440431},
{"learn":[0.0215382258],"iteration":169,"passed_time":2.096837436,"remaining_time":10.23750042},
{"learn":[0.0215382362],"iteration":170,"passed_time":2.109084895,"remaining_time":10.2247449},
{"learn":[0.0215381001],"iteration":171,"passed_time":2.123198499,"remaining_time":10.22097882},
{"learn":[0.02153813262],"iteration":172,"passed_time":2.133542246,"remaining_time":10.19907189},
{"learn":[0.02153803265],"iteration":173,"passed_time":2.146660773,"remaining_time":10.19047011},
{"learn":[0.02153792566],"iteration":174,"passed_time":2.166300042,"remaining_time":10.21255734},
{"learn":[0.02153780153],"iteration":175,"passed_time":2.175812724,"remaining_time":10.18675957},
{"learn":[0.02153726344],"iteration":176,"passed_time":2.18764595,"remaining_time":10.17193569},
{"learn":[0.02153717539],"iteration":177,"passed_time":2.198603529,"remaining_time":10.15310169},
{"learn":[0.02153695991],"iteration":178,"passed_time":2.231168271,"remaining_time":10.23345894},
{"learn":[0.02153693926],"iteration":179,"passed_time":2.251382543,"remaining_time":10.25629825},
{"learn":[0.02153645983],"iteration":180,"passed_time":2.262933354,"remaining_time":10.23946087},
{"learn":[0.02153618213],"iteration":181,"passed_time":2.273414562,"remaining_time":10.21787424},
{"learn":[0.02153592352],"iteration":182,"passed_time":2.283589468,"remaining_time":10.1950415},
{"learn":[0.02153575275],"iteration":183,"passed_time":2.291723648,"remaining_time":10.16329618},
{"learn":[0.02153568718],"iteration":184,"passed_time":2.305102525,"remaining_time":10.15491113},
{"learn":[0.02153552492],"iteration":185,"passed_time":2.326590529,"remaining_time":10.1819607},
{"learn":[0.02153500241],"iteration":186,"passed_time":2.337622654,"remaining_time":10.16303325},
{"learn":[0.0215347953],"iteration":187,"passed_time":2.363240033,"remaining_time":10.20718567},
{"learn":[0.02153467133],"iteration":188,"passed_time":2.371054897,"remaining_time":10.17420911},
{"learn":[0.02153446783],"iteration":189,"passed_time":2.379879311,"remaining_time":10.14580127},
{"learn":[0.02153445931],"iteration":190,"passed_time":2.387871587,"remaining_time":10.1140739},
{"learn":[0.02153397621],"iteration":191,"passed_time":2.398253461,"remaining_time":10.09264998},
{"learn":[0.02153354338],"iteration":192,"passed_time":2.407179941,"remaining_time":10.06525499},
{"learn":[0.02153307878],"iteration":193,"passed_time":2.416181183,"remaining_time":10.038361},
{"learn":[0.02153307878],"iteration":194,"passed_time":2.424212353,"remaining_time":10.00764587},
{"learn":[0.02153307878],"iteration":195,"passed_time":2.431806955,"remaining_time":9.975371388},
{"learn":[0.02153036551],"iteration":196,"passed_time":2.440301356,"remaining_time":9.947015174},
{"learn":[0.02153014469],"iteration":197,"passed_time":2.448355609,"remaining_time":9.917076759},
{"learn":[0.0215300603],"iteration":198,"passed_time":2.456234669,"remaining_time":9.886653115},
{"learn":[0.02152981533],"iteration":199,"passed_time":2.464396865,"remaining_time":9.857587461},
{"learn":[0.02152978945],"iteration":200,"passed_time":2.472564671,"remaining_time":9.828752101},
{"learn":[0.02152975327],"iteration":201,"passed_time":2.480437873,"remaining_time":9.79895754},
{"learn":[0.02152930312],"iteration":202,"passed_time":2.488787847,"remaining_time":9.771250807},
{"learn":[0.02152910652],"iteration":203,"passed_time":2.496831452,"remaining_time":9.74253841},
{"learn":[0.02152901334],"iteration":204,"passed_time":2.504816856,"remaining_time":9.713801954},
{"learn":[0.02147333973],"iteration":205,"passed_time":2.513968095,"remaining_time":9.68976052},
{"learn":[0.02147330694],"iteration":206,"passed_time":2.523503725,"remaining_time":9.667335525},
{"learn":[0.02147297187],"iteration":207,"passed_time":2.531689241,"remaining_time":9.63989365},
{"learn":[0.02147279085],"iteration":208,"passed_time":2.541195759,"remaining_time":9.617635623},
{"learn":[0.02147268559],"iteration":209,"passed_time":2.54894494,"remaining_time":9.588888107},
{"learn":[0.02147197425],"iteration":210,"passed_time":2.558728182,"remaining_time":9.567945668},
{"learn":[0.02145870523],"iteration":211,"passed_time":2.568579954,"remaining_time":9.547363227},
{"learn":[0.0214586223],"iteration":212,"passed_time":2.577166817,"remaining_time":9.52220791},
{"learn":[0.02145852573],"iteration":213,"passed_time":2.587118228,"remaining_time":9.502219286},
{"learn":[0.02145853608],"iteration":214,"passed_time":2.595621421,"remaining_time":9.477036352},
{"learn":[0.02145809041],"iteration":215,"passed_time":2.605748376,"remaining_time":9.457901513},
{"learn":[0.02145807321],"iteration":216,"passed_time":2.614273822,"remaining_time":9.433070979},
{"learn":[0.02145798359],"iteration":217,"passed_time":2.624399896,"remaining_time":9.414131736},
{"learn":[0.0214148635],"iteration":218,"passed_time":2.634828846,"remaining_time":9.396353098},
{"learn":[0.02141467887],"iteration":219,"passed_time":2.641948379,"remaining_time":9.366907888},
{"learn":[0.02141449079],"iteration":220,"passed_time":2.649379185,"remaining_time":9.338761924},
{"learn":[0.0213306623],"iteration":221,"passed_time":2.658265232,"remaining_time":9.315902479},
{"learn":[0.02127473123],"iteration":222,"passed_time":2.666669086,"remaining_time":9.291488251},
{"learn":[0.02111519285],"iteration":223,"passed_time":2.675524243,"remaining_time":9.268780412},
{"learn":[0.02111486096],"iteration":224,"passed_time":2.683674277,"remaining_time":9.243766955},
{"learn":[0.02108751608],"iteration":225,"passed_time":2.691675848,"remaining_time":9.218394277},
{"learn":[0.02091175319],"iteration":226,"passed_time":2.702218195,"remaining_time":9.201826716},
{"learn":[0.02091152024],"iteration":227,"passed_time":2.709973569,"remaining_time":9.175875419},
{"learn":[0.02091135605],"iteration":228,"passed_time":2.718564966,"remaining_time":9.152897768},
{"learn":[0.02091130924],"iteration":229,"passed_time":2.726215269,"remaining_time":9.126894597},
{"learn":[0.02091089986],"iteration":230,"passed_time":2.734362168,"remaining_time":9.102703494},
{"learn":[0.02091084093],"iteration":231,"passed_time":2.740933685,"remaining_time":9.073435647},
{"learn":[0.02091077697],"iteration":232,"passed_time":2.748425143,"remaining_time":9.047390922},
{"learn":[0.02091072332],"iteration":233,"passed_time":2.755300992,"remaining_time":9.019489573},
{"learn":[0.02091034651],"iteration":234,"passed_time":2.763943115,"remaining_time":8.997516948},
{"learn":[0.02090948833],"iteration":235,"passed_time":2.77181521,"remaining_time":8.973164492},
{"learn":[0.02090939666],"iteration":236,"passed_time":2.780009765,"remaining_time":8.949989243},
{"learn":[0.02090925134],"iteration":237,"passed_time":2.789839744,"remaining_time":8.932175987},
{"learn":[0.02090894382],"iteration":238,"passed_time":2.800296021,"remaining_time":8.916423732},
{"learn":[0.02090882821],"iteration":239,"passed_time":2.808150796,"remaining_time":8.89247752},
{"learn":[0.0208490391],"iteration":240,"passed_time":2.819573741,"remaining_time":8.879902362},
{"learn":[0.02068113718],"iteration":241,"passed_time":2.831618173,"remaining_time":8.869283368},
{"learn":[0.02068108197],"iteration":242,"passed_time":2.85128467,"remaining_time":8.8823971},
{"learn":[0.02068085587],"iteration":243,"passed_time":2.885585475,"remaining_time":8.940584503},
{"learn":[0.02068076959],"iteration":244,"passed_time":2.896551005,"remaining_time":8.926106159},
{"learn":[0.02066280589],"iteration":245,"passed_time":2.905948237,"remaining_time":8.906849474},
{"learn":[0.02066273671],"iteration":246,"passed_time":2.916993182,"remaining_time":8.892695815},
{"learn":[0.02066262654],"iteration":247,"passed_time":2.927011011,"remaining_time":8.875452744},
{"learn":[0.02066258346],"iteration":248,"passed_time":2.944752935,"remaining_time":8.881564074},
{"learn":[0.02066229535],"iteration":249,"passed_time":2.971570036,"remaining_time":8.914710109},
{"learn":[0.02066230231],"iteration":250,"passed_time":2.981363556,"remaining_time":8.896578898},
{"learn":[0.02066230231],"iteration":251,"passed_time":3.001477963,"remaining_time":8.909148873},
{"learn":[0.02066191875],"iteration":252,"passed_time":3.010262192,"remaining_time":8.888007342},
{"learn":[0.02066186192],"iteration":253,"passed_time":3.01895501,"remaining_time":8.866694636},
{"learn":[0.02066187675],"iteration":254,"passed_time":3.025234905,"remaining_time":8.838431388},
{"learn":[0.02066167217],"iteration":255,"passed_time":3.032427376,"remaining_time":8.812992063},
{"learn":[0.02066150452],"iteration":256,"passed_time":3.039857137,"remaining_time":8.78838075},
{"learn":[0.02066140644],"iteration":257,"passed_time":3.049999734,"remaining_time":8.771704662},
{"learn":[0.02066119425],"iteration":258,"passed_time":3.057185568,"remaining_time":8.746619715},
{"learn":[0.02066114939],"iteration":259,"passed_time":3.065113837,"remaining_time":8.723785536},
{"learn":[0.02066077479],"iteration":260,"passed_time":3.073600266,"remaining_time":8.702645963},
{"learn":[0.02066053844],"iteration":261,"passed_time":3.082806522,"remaining_time":8.683630586},
{"learn":[0.02066038493],"iteration":262,"passed_time":3.096502154,"remaining_time":8.677270294},
{"learn":[0.02066026047],"iteration":263,"passed_time":3.106167467,"remaining_time":8.659618394},
{"learn":[0.02066026047],"iteration":264,"passed_time":3.11585096,"remaining_time":8.642077191},
{"learn":[0.02066002516],"iteration":265,"passed_time":3.126011073,"remaining_time":8.625910253},
{"learn":[0.02065951683],"iteration":266,"passed_time":3.135138282,"remaining_time":8.606952662},
{"learn":[0.02065951882],"iteration":267,"passed_time":3.145136684,"remaining_time":8.590447958},
{"learn":[0.02065923546],"iteration":268,"passed_time":3.153519966,"remaining_time":8.569602585},
{"learn":[0.02065901799],"iteration":269,"passed_time":3.1628588,"remaining_time":8.551433051},
{"learn":[0.02065896773],"iteration":270,"passed_time":3.171769442,"remaining_time":8.532176838},
{"learn":[0.02065848831],"iteration":271,"passed_time":3.183773139,"remaining_time":8.521275167},
{"learn":[0.02065835199],"iteration":272,"passed_time":3.193598497,"remaining_time":8.504564495},
{"learn":[0.02065804172],"iteration":273,"passed_time":3.201881594,"remaining_time":8.483817654},
{"learn":[0.02065759988],"iteration":274,"passed_time":3.211277804,"remaining_time":8.466096029},
{"learn":[0.02065754989],"iteration":275,"passed_time":3.223188636,"remaining_time":8.455031061},
{"learn":[0.02065748756],"iteration":276,"passed_time":3.235787996,"remaining_time":8.445757117},
{"learn":[0.02065724922],"iteration":277,"passed_time":3.247177028,"remaining_time":8.43331588},
{"learn":[0.02065719401],"iteration":278,"passed_time":3.254449345,"remaining_time":8.410243649},
{"learn":[0.02065705575],"iteration":279,"passed_time":3.262571287,"remaining_time":8.389469023},
{"learn":[0.02065691943],"iteration":280,"passed_time":3.276152373,"remaining_time":8.382752868},
{"learn":[0.0206566393],"iteration":281,"passed_time":3.292457161,"remaining_time":8.382922843},
{"learn":[0.02065624686],"iteration":282,"passed_time":3.301290841,"remaining_time":8.364047821},
{"learn":[0.02065594602],"iteration":283,"passed_time":3.312002819,"remaining_time":8.349978937},
{"learn":[0.02065574543],"iteration":284,"passed_time":3.3261861,"remaining_time":8.344642321},
{"learn":[0.02065556085],"iteration":285,"passed_time":3.338665842,"remaining_time":8.334990948},
{"learn":[0.02065543133],"iteration":286,"passed_time":3.349875034,"remaining_time":8.322163412},
{"learn":[0.02065530197],"iteration":287,"passed_time":3.360939721,"remaining_time":8.308989867},
{"learn":[0.02065488413],"iteration":288,"passed_time":3.369400303,"remaining_time":8.289424274},
{"learn":[0.020654527],"iteration":289,"passed_time":3.381650562,"remaining_time":8.279213445},
{"learn":[0.02065444946],"iteration":290,"passed_time":3.393113697,"remaining_time":8.26707083},
{"learn":[0.02065423366],"iteration":291,"passed_time":3.401402038,"remaining_time":8.247235079},
{"learn":[0.02065401252],"iteration":292,"passed_time":3.411297973,"remaining_time":8.231357226},
{"learn":[0.02065399521],"iteration":293,"passed_time":3.422376606,"remaining_time":8.21836015},
{"learn":[0.0206536569],"iteration":294,"passed_time":3.435583057,"remaining_time":8.210461203},
{"learn":[0.02065343938],"iteration":295,"passed_time":3.456521994,"remaining_time":8.220917175},
{"learn":[0.02065310134],"iteration":296,"passed_time":3.46541958,"remaining_time":8.202659813},
{"learn":[0.02065290053],"iteration":297,"passed_time":3.477297515,"remaining_time":8.191486093},
{"learn":[0.02065272954],"iteration":298,"passed_time":3.485406637,"remaining_time":8.171471748},
{"learn":[0.02065246883],"iteration":299,"passed_time":3.495750251,"remaining_time":8.156750586},
{"learn":[0.02054472703],"iteration":300,"passed_time":3.513261368,"remaining_time":8.158703309},
{"learn":[0.02054469942],"iteration":301,"passed_time":3.524941807,"remaining_time":8.147050932},
{"learn":[0.02054445758],"iteration":302,"passed_time":3.534999041,"remaining_time":8.13166446},
{"learn":[0.02054379455],"iteration":303,"passed_time":3.545676024,"remaining_time":8.117731951},
{"learn":[0.02054368061],"iteration":304,"passed_time":3.555923816,"remaining_time":8.102842795},
{"learn":[0.02054352175],"iteration":305,"passed_time":3.570619496,"remaining_time":8.098071667},
{"learn":[0.02054339396],"iteration":306,"passed_time":3.581931076,"remaining_time":8.085596859},
{"learn":[0.02054318161],"iteration":307,"passed_time":3.591929369,"remaining_time":8.070178972},
{"learn":[0.02054308326],"iteration":308,"passed_time":3.610776319,"remaining_time":8.074583938},
{"learn":[0.02054309701],"iteration":309,"passed_time":3.622263561,"remaining_time":8.062457603},
{"learn":[0.02054298997],"iteration":310,"passed_time":3.631364024,"remaining_time":8.045047628},
{"learn":[0.02054275169],"iteration":311,"passed_time":3.639292732,"remaining_time":8.02510705},
{"learn":[0.02054244438],"iteration":312,"passed_time":3.647599158,"remaining_time":8.006072274},
{"learn":[0.02054226131],"iteration":313,"passed_time":3.658017115,"remaining_time":7.99171892},
{"learn":[0.02054206105],"iteration":314,"passed_time":3.66961559,"remaining_time":7.979957712},
{"learn":[0.02054178642],"iteration":315,"passed_time":3.678080194,"remaining_time":7.96141409},
{"learn":[0.02054165528],"iteration":316,"passed_time":3.686158639,"remaining_time":7.942102051},
{"learn":[0.02054140486],"iteration":317,"passed_time":3.694845315,"remaining_time":7.924165109},
{"learn":[0.02054135288],"iteration":318,"passed_time":3.72008847,"remaining_time":7.941630871},
{"learn":[0.02054133924],"iteration":319,"passed_time":3.732109386,"remaining_time":7.930732445},
{"learn":[0.02054125134],"iteration":320,"passed_time":3.741963826,"remaining_time":7.915244355},
{"learn":[0.02054114932],"iteration":321,"passed_time":3.750850576,"remaining_time":7.897753697},
{"learn":[0.02054029594],"iteration":322,"passed_time":3.759455924,"remaining_time":7.879726503},
{"learn":[0.02054026359],"iteration":323,"passed_time":3.78279374,"remaining_time":7.892495582},
{"learn":[0.02054019969],"iteration":324,"passed_time":3.903125153,"remaining_time":8.106490702},
{"learn":[0.02054011509],"iteration":325,"passed_time":3.915078681,"remaining_time":8.094365126},
{"learn":[0.02053988716],"iteration":326,"passed_time":3.93091313,"remaining_time":8.090227941},
{"learn":[0.02053981981],"iteration":327,"passed_time":3.942391105,"remaining_time":8.077093972},
{"learn":[0.02053946068],"iteration":328,"passed_time":3.951783225,"remaining_time":8.059715939},
{"learn":[0.02053936222],"iteration":329,"passed_time":3.962194031,"remaining_time":8.044454549},
{"learn":[0.02053928457],"iteration":330,"passed_time":3.971445469,"remaining_time":8.02687921},
{"learn":[0.02053907746],"iteration":331,"passed_time":3.980063884,"remaining_time":8.008080344},
{"learn":[0.02053893235],"iteration":332,"passed_time":4.005499813,"remaining_time":8.023028155},
{"learn":[0.02053881146],"iteration":333,"passed_time":4.027542223,"remaining_time":8.030967427},
{"learn":[0.02053835312],"iteration":334,"passed_time":4.037664712,"remaining_time":8.015065771},
{"learn":[0.02053775603],"iteration":335,"passed_time":4.047861768,"remaining_time":7.999345875},
{"learn":[0.0205377095],"iteration":336,"passed_time":4.058575401,"remaining_time":7.984675047},
{"learn":[0.02053765412],"iteration":337,"passed_time":4.066641208,"remaining_time":7.964841656},
{"learn":[0.02053732282],"iteration":338,"passed_time":4.098417678,"remaining_time":7.991309986},
{"learn":[0.02053727456],"iteration":339,"passed_time":4.127269028,"remaining_time":8.011757525},
{"learn":[0.02053713452],"iteration":340,"passed_time":4.137360029,"remaining_time":7.995660584},
{"learn":[0.02053701206],"iteration":341,"passed_time":4.152409684,"remaining_time":7.989139099},
{"learn":[0.02053694967],"iteration":342,"passed_time":4.161289852,"remaining_time":7.970750532},
{"learn":[0.02053692045],"iteration":343,"passed_time":4.186915133,"remaining_time":7.984349788},
{"learn":[0.02053655232],"iteration":344,"passed_time":4.285939389,"remaining_time":8.137073332},
{"learn":[0.02053626944],"iteration":345,"passed_time":4.298905923,"remaining_time":8.125677669},
{"learn":[0.02053621767],"iteration":346,"passed_time":4.310170036,"remaining_time":8.11106926},
{"learn":[0.02053619001],"iteration":347,"passed_time":4.321760485,"remaining_time":8.097091483},
{"learn":[0.02053618661],"iteration":348,"passed_time":4.331463325,"remaining_time":8.079606374},
{"learn":[0.02053603622],"iteration":349,"passed_time":4.341310202,"remaining_time":8.062433233},
{"learn":[0.02053550309],"iteration":350,"passed_time":4.351024332,"remaining_time":8.045056387},
{"learn":[0.02053540296],"iteration":351,"passed_time":4.360042146,"remaining_time":8.026441223},
{"learn":[0.0205353685],"iteration":352,"passed_time":4.371208291,"remaining_time":8.01181803},
{"learn":[0.02053535809],"iteration":353,"passed_time":4.383374874,"remaining_time":7.999040024},
{"learn":[0.02053529943],"iteration":354,"passed_time":4.394836931,"remaining_time":7.984985409},
{"learn":[0.0205350165],"iteration":355,"passed_time":4.40698497,"remaining_time":7.972186294},
{"learn":[0.02053483009],"iteration":356,"passed_time":4.418209021,"remaining_time":7.957726612},
{"learn":[0.02053457471],"iteration":357,"passed_time":4.429521101,"remaining_time":7.943442868},
{"learn":[0.02053424001],"iteration":358,"passed_time":4.438214929,"remaining_time":7.92450075},
{"learn":[0.02053396048],"iteration":359,"passed_time":4.452355771,"remaining_time":7.915299148},
{"learn":[0.02053368957],"iteration":360,"passed_time":4.465768217,"remaining_time":7.90478086},
{"learn":[0.02053325129],"iteration":361,"passed_time":4.475257336,"remaining_time":7.887331991},
{"learn":[0.02053267647],"iteration":362,"passed_time":4.485097435,"remaining_time":7.870542881},
{"learn":[0.02053272161],"iteration":363,"passed_time":4.495338592,"remaining_time":7.854492704},
{"learn":[0.02053248688],"iteration":364,"passed_time":4.506644003,"remaining_time":7.840325868},
{"learn":[0.02053246278],"iteration":365,"passed_time":4.517119753,"remaining_time":7.824737495},
{"learn":[0.02053242304],"iteration":366,"passed_time":4.527914554,"remaining_time":7.809727283},
{"learn":[0.02053236938],"iteration":367,"passed_time":4.53852495,"remaining_time":7.794423284},
{"learn":[0.02053209988],"iteration":368,"passed_time":4.557609935,"remaining_time":7.793636502},
{"learn":[0.02053197224],"iteration":369,"passed_time":4.571213308,"remaining_time":7.783417254},
{"learn":[0.02053196362],"iteration":370,"passed_time":4.582494353,"remaining_time":7.769242448},
{"learn":[0.0205318603],"iteration":371,"passed_time":4.590539406,"remaining_time":7.749620287},
{"learn":[0.02053191703],"iteration":372,"passed_time":4.601334153,"remaining_time":7.734682344},
{"learn":[0.02053159603],"iteration":373,"passed_time":4.622665742,"remaining_time":7.737403087},
{"learn":[0.02053150808],"iteration":374,"passed_time":4.682624085,"remaining_time":7.804373475},
{"learn":[0.02053149427],"iteration":375,"passed_time":4.697755001,"remaining_time":7.796274256},
{"learn":[0.02053079112],"iteration":376,"passed_time":4.729691023,"remaining_time":7.815908508},
{"learn":[0.02053078066],"iteration":377,"passed_time":4.740742993,"remaining_time":7.800905137},
{"learn":[0.02053070479],"iteration":378,"passed_time":4.760071809,"remaining_time":7.799484415},
{"learn":[0.02053070134],"iteration":379,"passed_time":4.768508654,"remaining_time":7.78019833},
{"learn":[0.02053054432],"iteration":380,"passed_time":4.780523661,"remaining_time":7.766782536},
{"learn":[0.02053061512],"iteration":381,"passed_time":4.800267676,"remaining_time":7.765878073},
{"learn":[0.02053040585],"iteration":382,"passed_time":4.812758119,"remaining_time":7.753189973},
{"learn":[0.02053041636],"iteration":383,"passed_time":4.823113422,"remaining_time":7.737077782},
{"learn":[0.02053026975],"iteration":384,"passed_time":4.833526575,"remaining_time":7.721087906},
{"learn":[0.02053026268],"iteration":385,"passed_time":4.844022381,"remaining_time":7.705258399},
{"learn":[0.02053004877],"iteration":386,"passed_time":4.856120136,"remaining_time":7.691993911},
{"learn":[0.02052986937],"iteration":387,"passed_time":4.864778764,"remaining_time":7.673310833},
{"learn":[0.02052961054],"iteration":388,"passed_time":4.876234219,"remaining_time":7.659072256},
{"learn":[0.02052955867],"iteration":389,"passed_time":4.884401187,"remaining_time":7.63970442},
{"learn":[0.02052951898],"iteration":390,"passed_time":4.894093996,"remaining_time":7.622770444},
{"learn":[0.02052926366],"iteration":391,"passed_time":4.902953158,"remaining_time":7.604580408},
{"learn":[0.02052910836],"iteration":392,"passed_time":4.911846804,"remaining_time":7.58649112},
{"learn":[0.02052877836],"iteration":393,"passed_time":4.924380211,"remaining_time":7.574046721},
{"learn":[0.0205286058],"iteration":394,"passed_time":4.934051548,"remaining_time":7.557218193},
{"learn":[0.02052831592],"iteration":395,"passed_time":4.944409217,"remaining_time":7.541472644},
{"learn":[0.02052831592],"iteration":396,"passed_time":4.953610378,"remaining_time":7.523997627},
{"learn":[0.02052823816],"iteration":397,"passed_time":4.962097351,"remaining_time":7.505483934},
{"learn":[0.02052799788],"iteration":398,"passed_time":4.999087807,"remaining_time":7.529954316},
{"learn":[0.02052785633],"iteration":399,"passed_time":5.019441852,"remaining_time":7.529162779},
{"learn":[0.02052779427],"iteration":400,"passed_time":5.029639194,"remaining_time":7.513101938},
{"learn":[0.02052770282],"iteration":401,"passed_time":5.039188848,"remaining_time":7.496106793},
{"learn":[0.02052764771],"iteration":402,"passed_time":5.046396206,"remaining_time":7.475678747},
{"learn":[0.0205275631],"iteration":403,"passed_time":5.054585528,"remaining_time":7.456764788},
{"learn":[0.0205257402],"iteration":404,"passed_time":5.064592204,"remaining_time":7.440573732},
{"learn":[0.02052559358],"iteration":405,"passed_time":5.080369085,"remaining_time":7.432855263},
{"learn":[0.02052525883],"iteration":406,"passed_time":5.093278586,"remaining_time":7.420919414},
{"learn":[0.02052503106],"iteration":407,"passed_time":5.105476489,"remaining_time":7.407946278},
{"learn":[0.02052507248],"iteration":408,"passed_time":5.117580328,"remaining_time":7.394841012},
{"learn":[0.02052494991],"iteration":409,"passed_time":5.127873225,"remaining_time":7.379134641},
{"learn":[0.0205246583],"iteration":410,"passed_time":5.137749426,"remaining_time":7.362857451},
{"learn":[0.02052452888],"iteration":411,"passed_time":5.15758462,"remaining_time":7.360824651},
{"learn":[0.02052447539],"iteration":412,"passed_time":5.167950967,"remaining_time":7.345247501},
{"learn":[0.02052432878],"iteration":413,"passed_time":5.177176239,"remaining_time":7.328080377},
{"learn":[0.0205241545],"iteration":414,"passed_time":5.187005498,"remaining_time":7.311802931},
{"learn":[0.02052382282],"iteration":415,"passed_time":5.196039844,"remaining_time":7.294440551},
{"learn":[0.02052382282],"iteration":416,"passed_time":5.205818575,"remaining_time":7.278158823},
{"learn":[0.02052368284],"iteration":417,"passed_time":5.22319423,"remaining_time":7.272485746},
{"learn":[0.02052327049],"iteration":418,"passed_time":5.234648738,"remaining_time":7.25854634},
{"learn":[0.0205230699],"iteration":419,"passed_time":5.243635604,"remaining_time":7.241211072},
{"learn":[0.02052274577],"iteration":420,"passed_time":5.255795252,"remaining_time":7.22827898},
{"learn":[0.02052169692],"iteration":421,"passed_time":5.266080941,"remaining_time":7.212783848},
{"learn":[0.02052140493],"iteration":422,"passed_time":5.274207301,"remaining_time":7.194367879},
{"learn":[0.02052131526],"iteration":423,"passed_time":5.283322457,"remaining_time":7.177343715},
{"learn":[0.02052096848],"iteration":424,"passed_time":5.294913302,"remaining_time":7.163706232},
{"learn":[0.02052084592],"iteration":425,"passed_time":5.338430988,"remaining_time":7.193097152},
{"learn":[0.02052070966],"iteration":426,"passed_time":5.399098761,"remaining_time":7.245160632},
{"learn":[0.02052056638],"iteration":427,"passed_time":5.416365107,"remaining_time":7.238693554},
{"learn":[0.02052040424],"iteration":428,"passed_time":5.433564212,"remaining_time":7.232086631},
{"learn":[0.02052026965],"iteration":429,"passed_time":5.44771515,"remaining_time":7.22138985},
{"learn":[0.02052007644],"iteration":430,"passed_time":5.471069223,"remaining_time":7.222826887},
{"learn":[0.02052003142],"iteration":431,"passed_time":5.551863436,"remaining_time":7.299672295},
{"learn":[0.02051976542],"iteration":432,"passed_time":5.583521091,"remaining_time":7.311446787},
{"learn":[0.02051930292],"iteration":433,"passed_time":5.595373826,"remaining_time":7.297192593},
{"learn":[0.02051823876],"iteration":434,"passed_time":5.615473819,"remaining_time":7.293661397},
{"learn":[0.02051798344],"iteration":435,"passed_time":5.632046778,"remaining_time":7.285491704},
{"learn":[0.02051767107],"iteration":436,"passed_time":5.650044234,"remaining_time":7.279118772},
{"learn":[0.02051758468],"iteration":437,"passed_time":5.671681877,"remaining_time":7.277363504},
{"learn":[0.0205175244],"iteration":438,"passed_time":5.684020216,"remaining_time":7.263634035},
{"learn":[0.02051756058],"iteration":439,"passed_time":5.69839904,"remaining_time":7.252507869},
{"learn":[0.02051645333],"iteration":440,"passed_time":5.713212138,"remaining_time":7.241917427},
{"learn":[0.02051632564],"iteration":441,"passed_time":5.726648611,"remaining_time":7.229569966},
{"learn":[0.0205161394],"iteration":442,"passed_time":5.742817202,"remaining_time":7.22065278},
{"learn":[0.02051610143],"iteration":443,"passed_time":5.752678501,"remaining_time":7.203804609},
{"learn":[0.02051555385],"iteration":444,"passed_time":5.775940705,"remaining_time":7.203701329},
{"learn":[0.02051549168],"iteration":445,"passed_time":5.794730629,"remaining_time":7.197938943},
{"learn":[0.02051547793],"iteration":446,"passed_time":5.848211633,"remaining_time":7.235035869},
{"learn":[0.02051540891],"iteration":447,"passed_time":5.863061695,"remaining_time":7.224129588},
{"learn":[0.02051536582],"iteration":448,"passed_time":5.881938793,"remaining_time":7.218147606},
{"learn":[0.02051536582],"iteration":449,"passed_time":5.894562607,"remaining_time":7.204465409},
{"learn":[0.02051526224],"iteration":450,"passed_time":5.909489695,"remaining_time":7.193591669},
{"learn":[0.02051502066],"iteration":451,"passed_time":5.924490785,"remaining_time":7.182789713},
{"learn":[0.02051477882],"iteration":452,"passed_time":5.934835279,"remaining_time":7.166346352},
{"learn":[0.02051470807],"iteration":453,"passed_time":5.943114808,"remaining_time":7.147446443},
{"learn":[0.0205146425],"iteration":454,"passed_time":5.95283441,"remaining_time":7.13031814},
{"learn":[0.02051456491],"iteration":455,"passed_time":5.966252216,"remaining_time":7.117634223},
{"learn":[0.02051434884],"iteration":456,"passed_time":5.975582371,"remaining_time":7.100090213},
{"learn":[0.02051422477],"iteration":457,"passed_time":5.985732506,"remaining_time":7.083552442},
{"learn":[0.0205139537],"iteration":458,"passed_time":5.994298623,"remaining_time":7.065175502},
{"learn":[0.02051390528],"iteration":459,"passed_time":6.003849569,"remaining_time":7.04799732},
{"learn":[0.02051377769],"iteration":460,"passed_time":6.014209167,"remaining_time":7.031797703},
{"learn":[0.02051362925],"iteration":461,"passed_time":6.023259055,"remaining_time":7.014098207},
{"learn":[0.02051319792],"iteration":462,"passed_time":6.031979352,"remaining_time":6.996053806},
{"learn":[0.02051309099],"iteration":463,"passed_time":6.039968853,"remaining_time":6.977205399},
{"learn":[0.02051303906],"iteration":464,"passed_time":6.049700211,"remaining_time":6.96040777},
{"learn":[0.02051289062],"iteration":465,"passed_time":6.058822727,"remaining_time":6.942942781},
{"learn":[0.02051288021],"iteration":466,"passed_time":6.068552956,"remaining_time":6.926207121},
{"learn":[0.02051275602],"iteration":467,"passed_time":6.076815565,"remaining_time":6.907833078},
{"learn":[0.02051267654],"iteration":468,"passed_time":6.086587067,"remaining_time":6.891210517},
{"learn":[0.02051254028],"iteration":469,"passed_time":6.096350612,"remaining_time":6.874608137},
{"learn":[0.02051242127],"iteration":470,"passed_time":6.105081264,"remaining_time":6.85687471},
{"learn":[0.02051140047],"iteration":471,"passed_time":6.114582854,"remaining_time":6.840041837},
{"learn":[0.02051140047],"iteration":472,"passed_time":6.123517941,"remaining_time":6.822608784},
{"learn":[0.02051134002],"iteration":473,"passed_time":6.132532247,"remaining_time":6.805299498},
{"learn":[0.02051114854],"iteration":474,"passed_time":6.141816202,"remaining_time":6.78832317},
{"learn":[0.02051103978],"iteration":475,"passed_time":6.15216032,"remaining_time":6.772546234},
{"learn":[0.02051073964],"iteration":476,"passed_time":6.162689778,"remaining_time":6.756995291},
{"learn":[0.02051068615],"iteration":477,"passed_time":6.172478026,"remaining_time":6.74065592},
{"learn":[0.02051058419],"iteration":478,"passed_time":6.181578532,"remaining_time":6.723595856},
{"learn":[0.02051054973],"iteration":479,"passed_time":6.192656476,"remaining_time":6.708711183},
{"learn":[0.02050950137],"iteration":480,"passed_time":6.205504938,"remaining_time":6.69575273},
{"learn":[0.02050952892],"iteration":481,"passed_time":6.21567368,"remaining_time":6.679914868},
{"learn":[0.02050945478],"iteration":482,"passed_time":6.225208126,"remaining_time":6.663421535},
{"learn":[0.02050945472],"iteration":483,"passed_time":6.235048955,"remaining_time":6.647283597},
{"learn":[0.02050923736],"iteration":484,"passed_time":6.24576564,"remaining_time":6.632101659},
{"learn":[0.02050921666],"iteration":485,"passed_time":6.255320601,"remaining_time":6.615709443},
{"learn":[0.02050899924],"iteration":486,"passed_time":6.266587284,"remaining_time":6.601148412},
{"learn":[0.02050873006],"iteration":487,"passed_time":6.275948889,"remaining_time":6.584602113},
{"learn":[0.02050864551],"iteration":488,"passed_time":6.285871973,"remaining_time":6.568671939},
{"learn":[0.02050837126],"iteration":489,"passed_time":6.295604875,"remaining_time":6.552568339},
{"learn":[0.02050831264],"iteration":490,"passed_time":6.306666759,"remaining_time":6.537868392},
{"learn":[0.02050822621],"iteration":491,"passed_time":6.319729771,"remaining_time":6.525249438},
{"learn":[0.0205079485],"iteration":492,"passed_time":6.331128819,"remaining_time":6.510917467},
{"learn":[0.02050780874],"iteration":493,"passed_time":6.340872155,"remaining_time":6.494901438},
{"learn":[0.0205076928],"iteration":494,"passed_time":6.350498442,"remaining_time":6.47879134},
{"learn":[0.0205074],"iteration":495,"passed_time":6.359488763,"remaining_time":6.462061163},
{"learn":[0.0205073394],"iteration":496,"passed_time":6.372406296,"remaining_time":6.449336754},
{"learn":[0.02050734031],"iteration":497,"passed_time":6.383816462,"remaining_time":6.435092097},
{"learn":[0.0205072652],"iteration":498,"passed_time":6.399816775,"remaining_time":6.425467343},
{"learn":[0.02050237669],"iteration":499,"passed_time":6.411598508,"remaining_time":6.411598508},
{"learn":[0.02050205089],"iteration":500,"passed_time":6.421918874,"remaining_time":6.396282471},
{"learn":[0.02050160673],"iteration":501,"passed_time":6.434139943,"remaining_time":6.382871896},
{"learn":[0.02047262157],"iteration":502,"passed_time":6.443712095,"remaining_time":6.36684873},
{"learn":[0.02047243338],"iteration":503,"passed_time":6.452864128,"remaining_time":6.350437714},
{"learn":[0.02047237984],"iteration":504,"passed_time":6.462471593,"remaining_time":6.334501858},
{"learn":[0.02047222605],"iteration":505,"passed_time":6.472800148,"remaining_time":6.319295006},
{"learn":[0.02047194797],"iteration":506,"passed_time":6.484046023,"remaining_time":6.304999388},
{"learn":[0.02047183749],"iteration":507,"passed_time":6.491535215,"remaining_time":6.287077413},
{"learn":[0.02047183749],"iteration":508,"passed_time":6.500900563,"remaining_time":6.27100624},
{"learn":[0.02047188413],"iteration":509,"passed_time":6.510359997,"remaining_time":6.255051762},
{"learn":[0.02047166661],"iteration":510,"passed_time":6.51841387,"remaining_time":6.237777656},
{"learn":[0.0204714232],"iteration":511,"passed_time":6.527382368,"remaining_time":6.22141132},
{"learn":[0.02047145604],"iteration":512,"passed_time":6.535593288,"remaining_time":6.204354642},
{"learn":[0.02047101576],"iteration":513,"passed_time":6.545418716,"remaining_time":6.188858942},
{"learn":[0.0204702651],"iteration":514,"passed_time":6.55354278,"remaining_time":6.171783007},
{"learn":[0.02047012011],"iteration":515,"passed_time":6.562298007,"remaining_time":6.15533379},
{"learn":[0.02046971639],"iteration":516,"passed_time":6.570829309,"remaining_time":6.138705138},
{"learn":[0.02046957996],"iteration":517,"passed_time":6.579795561,"remaining_time":6.122512472},
{"learn":[0.0204691571],"iteration":518,"passed_time":6.587835236,"remaining_time":6.105488918},
{"learn":[0.02046916546],"iteration":519,"passed_time":6.598056404,"remaining_time":6.090513603},
{"learn":[0.02046891348],"iteration":520,"passed_time":6.608235578,"remaining_time":6.075517931},
{"learn":[0.02046882721],"iteration":521,"passed_time":6.617924206,"remaining_time":6.060091514},
{"learn":[0.02046879954],"iteration":522,"passed_time":6.627333658,"remaining_time":6.044432418},
{"learn":[0.0204685096],"iteration":523,"passed_time":6.635823746,"remaining_time":6.027962029},
{"learn":[0.02046823697],"iteration":524,"passed_time":6.647426156,"remaining_time":6.01433795},
{"learn":[0.02046797803],"iteration":525,"passed_time":6.660251602,"remaining_time":6.001823687},
{"learn":[0.0204679349],"iteration":526,"passed_time":6.67122954,"remaining_time":5.987650042},
{"learn":[0.02046785013],"iteration":527,"passed_time":6.686891115,"remaining_time":5.977675391},
{"learn":[0.0204676745],"iteration":528,"passed_time":6.698500986,"remaining_time":5.964071766},
{"learn":[0.02046754854],"iteration":529,"passed_time":6.711742486,"remaining_time":5.951922581},
{"learn":[0.02046714978],"iteration":530,"passed_time":6.727979053,"remaining_time":5.942414643},
{"learn":[0.0204670565],"iteration":531,"passed_time":6.739071089,"remaining_time":5.92835577},
{"learn":[0.0204668579],"iteration":532,"passed_time":6.747129109,"remaining_time":5.911649707},
{"learn":[0.0204668579],"iteration":533,"passed_time":6.755067139,"remaining_time":5.894871323},
{"learn":[0.02046690427],"iteration":534,"passed_time":6.762226702,"remaining_time":5.877449376},
{"learn":[0.0204666765],"iteration":535,"passed_time":6.771118426,"remaining_time":5.861565205},
{"learn":[0.02046640215],"iteration":536,"passed_time":6.778573072,"remaining_time":5.84446803},
{"learn":[0.02046627958],"iteration":537,"passed_time":6.786920705,"remaining_time":5.828173542},
{"learn":[0.0204658413],"iteration":538,"passed_time":6.795327493,"remaining_time":5.811959136},
{"learn":[0.0204656997],"iteration":539,"passed_time":6.803874976,"remaining_time":5.795893498},
{"learn":[0.02046566697],"iteration":540,"passed_time":6.813084626,"remaining_time":5.780417455},
{"learn":[0.02043860953],"iteration":541,"passed_time":6.822863717,"remaining_time":5.765445724},
{"learn":[0.02043839384],"iteration":542,"passed_time":6.831804529,"remaining_time":5.749787606},
{"learn":[0.02036479284],"iteration":543,"passed_time":6.842218915,"remaining_time":5.735389384},
{"learn":[0.02036424229],"iteration":544,"passed_time":6.852463734,"remaining_time":5.720864219},
{"learn":[0.02025307044],"iteration":545,"passed_time":6.862115607,"remaining_time":5.705861695},
{"learn":[0.02025261744],"iteration":546,"passed_time":6.871739808,"remaining_time":5.690855819},
{"learn":[0.02025263971],"iteration":547,"passed_time":6.880786753,"remaining_time":5.675393453},
{"learn":[0.02025218002],"iteration":548,"passed_time":6.8899562,"remaining_time":5.660055094},
{"learn":[0.02025206506],"iteration":549,"passed_time":6.899255937,"remaining_time":5.644845767},
{"learn":[0.02025199625],"iteration":550,"passed_time":6.907956079,"remaining_time":5.629169291},
{"learn":[0.02025177431],"iteration":551,"passed_time":6.917133883,"remaining_time":5.61390576},
{"learn":[0.02025165282],"iteration":552,"passed_time":6.926274503,"remaining_time":5.598634183},
{"learn":[0.02025153872],"iteration":553,"passed_time":6.935648544,"remaining_time":5.583572654},
{"learn":[0.0202513962],"iteration":554,"passed_time":6.944258854,"remaining_time":5.567919261},
{"learn":[0.02025118892],"iteration":555,"passed_time":6.954128713,"remaining_time":5.55329703},
{"learn":[0.02025083821],"iteration":556,"passed_time":6.964343209,"remaining_time":5.538965964},
{"learn":[0.02025064641],"iteration":557,"passed_time":6.972862605,"remaining_time":5.523306938},
{"learn":[0.02025051516],"iteration":558,"passed_time":6.98277096,"remaining_time":5.508769219},
{"learn":[0.02025047186],"iteration":559,"passed_time":6.991296882,"remaining_time":5.493161836},
{"learn":[0.02025001589],"iteration":560,"passed_time":6.998964165,"remaining_time":5.476907787},
{"learn":[0.02024995021],"iteration":561,"passed_time":7.006978516,"remaining_time":5.460954786},
{"learn":[0.02024985693],"iteration":562,"passed_time":7.015478159,"remaining_time":5.445406671},
{"learn":[0.02024974294],"iteration":563,"passed_time":7.023127546,"remaining_time":5.429226259},
{"learn":[0.02024835012],"iteration":564,"passed_time":7.033127471,"remaining_time":5.414885752},
{"learn":[0.02024826034],"iteration":565,"passed_time":7.042714718,"remaining_time":5.400244147},
{"learn":[0.02024803235],"iteration":566,"passed_time":7.051076463,"remaining_time":5.384684495},
{"learn":[0.02024800124],"iteration":567,"passed_time":7.060282447,"remaining_time":5.369792284},
{"learn":[0.02024774931],"iteration":568,"passed_time":7.068455258,"remaining_time":5.354137463},
{"learn":[0.02024773189],"iteration":569,"passed_time":7.076934429,"remaining_time":5.338740008},
{"learn":[0.02024766632],"iteration":570,"passed_time":7.084382547,"remaining_time":5.322592141},
{"learn":[0.0202475333],"iteration":571,"passed_time":7.092320511,"remaining_time":5.306841222},
{"learn":[0.02024741763],"iteration":572,"passed_time":7.099974747,"remaining_time":5.290906138},
{"learn":[0.02024735196],"iteration":573,"passed_time":7.108756183,"remaining_time":5.27583647},
{"learn":[0.02024726557],"iteration":574,"passed_time":7.116561934,"remaining_time":5.260067516},
{"learn":[0.02024718264],"iteration":575,"passed_time":7.125620683,"remaining_time":5.245248558},
{"learn":[0.02024711534],"iteration":576,"passed_time":7.134663818,"remaining_time":5.230438119},
{"learn":[0.02024709631],"iteration":577,"passed_time":7.144735465,"remaining_time":5.216398558},
{"learn":[0.02024684239],"iteration":578,"passed_time":7.154238542,"remaining_time":5.201959285},
{"learn":[0.02024669227],"iteration":579,"passed_time":7.16247558,"remaining_time":5.186620247},
{"learn":[0.02024595703],"iteration":580,"passed_time":7.171513316,"remaining_time":5.171883097},
{"learn":[0.02024585517],"iteration":581,"passed_time":7.180345605,"remaining_time":5.157017977},
{"learn":[0.02024567912],"iteration":582,"passed_time":7.188682873,"remaining_time":5.141819482},
{"learn":[0.0202457325],"iteration":583,"passed_time":7.196681069,"remaining_time":5.126402953},
{"learn":[0.02024556868],"iteration":584,"passed_time":7.206771947,"remaining_time":5.112496338},
{"learn":[0.02024564622],"iteration":585,"passed_time":7.216705213,"remaining_time":5.098491396},
{"learn":[0.02024557041],"iteration":586,"passed_time":7.226045499,"remaining_time":5.084083119},
{"learn":[0.0202454548],"iteration":587,"passed_time":7.236812822,"remaining_time":5.070691977},
{"learn":[0.02024536669],"iteration":588,"passed_time":7.271912999,"remaining_time":5.074289037},
{"learn":[0.02024511476],"iteration":589,"passed_time":7.28390724,"remaining_time":5.061698252},
{"learn":[0.02024470862],"iteration":590,"passed_time":7.296577892,"remaining_time":5.049577594},
{"learn":[0.02024466909],"iteration":591,"passed_time":7.314940113,"remaining_time":5.041377645},
{"learn":[0.02024447222],"iteration":592,"passed_time":7.328366892,"remaining_time":5.029756029},
{"learn":[0.02024434798],"iteration":593,"passed_time":7.344420876,"remaining_time":5.019924033},
{"learn":[0.02024426694],"iteration":594,"passed_time":7.357059617,"remaining_time":5.007746462},
{"learn":[0.0202428642],"iteration":595,"passed_time":7.366502191,"remaining_time":4.993400814},
{"learn":[0.02024280893],"iteration":596,"passed_time":7.375481467,"remaining_time":4.978758846},
{"learn":[0.02024243794],"iteration":597,"passed_time":7.383626914,"remaining_time":4.963575283},
{"learn":[0.02024228793],"iteration":598,"passed_time":7.390980302,"remaining_time":4.947884977},
{"learn":[0.02024192557],"iteration":599,"passed_time":7.402534374,"remaining_time":4.935022916},
{"learn":[0.02024188416],"iteration":600,"passed_time":7.410770433,"remaining_time":4.9199624},
{"learn":[0.02024100635],"iteration":601,"passed_time":7.418897716,"remaining_time":4.904852643},
{"learn":[0.02024093905],"iteration":602,"passed_time":7.428296453,"remaining_time":4.890603137},
{"learn":[0.02024083536],"iteration":603,"passed_time":7.436691291,"remaining_time":4.875711509},
{"learn":[0.02024076639],"iteration":604,"passed_time":7.445777584,"remaining_time":4.861292803},
{"learn":[0.02024070428],"iteration":605,"passed_time":7.453114886,"remaining_time":4.845754563},
{"learn":[0.02024038365],"iteration":606,"passed_time":7.461358418,"remaining_time":4.83083008},
{"learn":[0.02024022496],"iteration":607,"passed_time":7.468895143,"remaining_time":4.815471868},
{"learn":[0.02024017292],"iteration":608,"passed_time":7.476978817,"remaining_time":4.800490505},
{"learn":[0.02024015055],"iteration":609,"passed_time":7.485529332,"remaining_time":4.785830229},
{"learn":[0.02024002464],"iteration":610,"passed_time":7.494002579,"remaining_time":4.771140758},
{"learn":[0.02023991075],"iteration":611,"passed_time":7.501980059,"remaining_time":4.756157293},
{"learn":[0.02023974489],"iteration":612,"passed_time":7.510883918,"remaining_time":4.741781527},
{"learn":[0.02023955163],"iteration":613,"passed_time":7.518467864,"remaining_time":4.726593804},
{"learn":[0.02023958953],"iteration":614,"passed_time":7.526487243,"remaining_time":4.711703396},
{"learn":[0.02023938776],"iteration":615,"passed_time":7.535231995,"remaining_time":4.697287477},
{"learn":[0.0202392825],"iteration":616,"passed_time":7.548409343,"remaining_time":4.685641456},
{"learn":[0.02023916344],"iteration":617,"passed_time":7.557183502,"remaining_time":4.671268767},
{"learn":[0.02023910644],"iteration":618,"passed_time":7.566141278,"remaining_time":4.657027184},
{"learn":[0.02023886665],"iteration":619,"passed_time":7.575873734,"remaining_time":4.64327745},
{"learn":[0.02023889253],"iteration":620,"passed_time":7.5854069,"remaining_time":4.629419026},
{"learn":[0.02023865786],"iteration":621,"passed_time":7.594593927,"remaining_time":4.615364155},
{"learn":[0.02023835891],"iteration":622,"passed_time":7.603635987,"remaining_time":4.601237186},
{"learn":[0.02023827442],"iteration":623,"passed_time":7.614980177,"remaining_time":4.588513696},
{"learn":[0.02023823646],"iteration":624,"passed_time":7.62424287,"remaining_time":4.574545722},
{"learn":[0.02023818636],"iteration":625,"passed_time":7.645382374,"remaining_time":4.567688511},
{"learn":[0.02023808795],"iteration":626,"passed_time":7.656086229,"remaining_time":4.554577613},
{"learn":[0.02023804999],"iteration":627,"passed_time":7.666117193,"remaining_time":4.54107579},
{"learn":[0.02023804476],"iteration":628,"passed_time":7.675118784,"remaining_time":4.526977852},
{"learn":[0.02023773201],"iteration":629,"passed_time":7.684436387,"remaining_time":4.513081687},
{"learn":[0.02023753886],"iteration":630,"passed_time":7.695205472,"remaining_time":4.500048842},
{"learn":[0.02023744552],"iteration":631,"passed_time":7.703998368,"remaining_time":4.485872468},
{"learn":[0.0202373628],"iteration":632,"passed_time":7.714055604,"remaining_time":4.47244614},
{"learn":[0.02023731411],"iteration":633,"passed_time":7.723983984,"remaining_time":4.458956054},
{"learn":[0.02023724859],"iteration":634,"passed_time":7.733910701,"remaining_time":4.445476229},
{"learn":[0.02023720686],"iteration":635,"passed_time":7.743370863,"remaining_time":4.431740557},
{"learn":[0.02023716221],"iteration":636,"passed_time":7.751784834,"remaining_time":4.417422127},
{"learn":[0.02023709136],"iteration":637,"passed_time":7.759431835,"remaining_time":4.402687029},
{"learn":[0.02023708257],"iteration":638,"passed_time":7.770044524,"remaining_time":4.389649567},
{"learn":[0.02023691309],"iteration":639,"passed_time":7.784059823,"remaining_time":4.37853365},
{"learn":[0.02023682681],"iteration":640,"passed_time":7.794740587,"remaining_time":4.36554114},
{"learn":[0.02023678696],"iteration":641,"passed_time":7.806682687,"remaining_time":4.353259193},
{"learn":[0.02023665415],"iteration":642,"passed_time":7.816927255,"remaining_time":4.340035816},
{"learn":[0.02023470658],"iteration":643,"passed_time":7.829187761,"remaining_time":4.327936092},
{"learn":[0.02023458897],"iteration":644,"passed_time":7.839047481,"remaining_time":4.314514505},
{"learn":[0.02023449903],"iteration":645,"passed_time":7.848134618,"remaining_time":4.30068058},
{"learn":[0.02023438159],"iteration":646,"passed_time":7.855757204,"remaining_time":4.286062277},
{"learn":[0.02023431596],"iteration":647,"passed_time":7.864110501,"remaining_time":4.271862494},
{"learn":[0.02023422429],"iteration":648,"passed_time":7.874287784,"remaining_time":4.258667199},
{"learn":[0.02023401534],"iteration":649,"passed_time":7.881994848,"remaining_time":4.244151072},
{"learn":[0.02023363913],"iteration":650,"passed_time":7.890807652,"remaining_time":4.230248649},
{"learn":[0.02023220694],"iteration":651,"passed_time":7.898676958,"remaining_time":4.215858253},
{"learn":[0.02023216887],"iteration":652,"passed_time":7.907420447,"remaining_time":4.201952366},
{"learn":[0.02023215858],"iteration":653,"passed_time":7.915320186,"remaining_time":4.187615878},
{"learn":[0.0202318826],"iteration":654,"passed_time":7.924597931,"remaining_time":4.174024865},
{"learn":[0.0202318084],"iteration":655,"passed_time":7.933018861,"remaining_time":4.159997695},
{"learn":[0.020230378],"iteration":656,"passed_time":7.941938225,"remaining_time":4.14624781},
{"learn":[0.02023037633],"iteration":657,"passed_time":7.951420469,"remaining_time":4.132805168},
{"learn":[0.02023037633],"iteration":658,"passed_time":7.95952822,"remaining_time":4.118663313},
{"learn":[0.02023030553],"iteration":659,"passed_time":7.967038301,"remaining_time":4.104231852},
{"learn":[0.0202302192],"iteration":660,"passed_time":7.975500805,"remaining_time":4.090309792},
{"learn":[0.02022996037],"iteration":661,"passed_time":7.983448366,"remaining_time":4.076141311},
{"learn":[0.02022976387],"iteration":662,"passed_time":7.991513588,"remaining_time":4.062051402},
{"learn":[0.02022857952],"iteration":663,"passed_time":7.999753183,"remaining_time":4.048067876},
{"learn":[0.02022842794],"iteration":664,"passed_time":8.007807182,"remaining_time":4.034008129},
{"learn":[0.02022816906],"iteration":665,"passed_time":8.017711605,"remaining_time":4.020894408},
{"learn":[0.02022805874],"iteration":666,"passed_time":8.026554665,"remaining_time":4.007260425},
{"learn":[0.0202278259],"iteration":667,"passed_time":8.035478493,"remaining_time":3.993680928},
{"learn":[0.02022760854],"iteration":668,"passed_time":8.04295345,"remaining_time":3.979398493},
{"learn":[0.02022746219],"iteration":669,"passed_time":8.050904957,"remaining_time":3.965371098},
{"learn":[0.02022725529],"iteration":670,"passed_time":8.058744883,"remaining_time":3.951307103},
{"learn":[0.02022714836],"iteration":671,"passed_time":8.066775748,"remaining_time":3.937354829},
{"learn":[0.02022709341],"iteration":672,"passed_time":8.073898458,"remaining_time":3.922978894},
{"learn":[0.02022698967],"iteration":673,"passed_time":8.081648445,"remaining_time":3.908927883},
{"learn":[0.02022683432],"iteration":674,"passed_time":8.090540071,"remaining_time":3.895445219},
{"learn":[0.02022661027],"iteration":675,"passed_time":8.099167098,"remaining_time":3.881849319},
{"learn":[0.02022656524],"iteration":676,"passed_time":8.106949859,"remaining_time":3.867865294},
{"learn":[0.02022619798],"iteration":677,"passed_time":8.115511862,"remaining_time":3.854269645},
{"learn":[0.02022606166],"iteration":678,"passed_time":8.124562632,"remaining_time":3.84091989},
{"learn":[0.02022571672],"iteration":679,"passed_time":8.133721365,"remaining_time":3.827633583},
{"learn":[0.02022573074],"iteration":680,"passed_time":8.142124532,"remaining_time":3.814005471},
{"learn":[0.02022553732],"iteration":681,"passed_time":8.150955638,"remaining_time":3.800592218},
{"learn":[0.02022553198],"iteration":682,"passed_time":8.159073326,"remaining_time":3.786861266},
{"learn":[0.0202254649],"iteration":683,"passed_time":8.167478035,"remaining_time":3.773279326},
{"learn":[0.02022544764],"iteration":684,"passed_time":8.177662762,"remaining_time":3.760531051},
{"learn":[0.02022534751],"iteration":685,"passed_time":8.18612945,"remaining_time":3.747003859},
{"learn":[0.02022532858],"iteration":686,"passed_time":8.195726454,"remaining_time":3.734006376},
{"learn":[0.0202251419],"iteration":687,"passed_time":8.206061496,"remaining_time":3.721353469},
{"learn":[0.02022484209],"iteration":688,"passed_time":8.218650277,"remaining_time":3.709724581},
{"learn":[0.02022478332],"iteration":689,"passed_time":8.230838721,"remaining_time":3.697913049},
{"learn":[0.02022428653],"iteration":690,"passed_time":8.240032678,"remaining_time":3.684761357},
{"learn":[0.02022426577],"iteration":691,"passed_time":8.248302164,"remaining_time":3.671209634},
{"learn":[0.02022406356],"iteration":692,"passed_time":8.257773818,"remaining_time":3.658205717},
{"learn":[0.02022402705],"iteration":693,"passed_time":8.26627652,"remaining_time":3.644784748},
{"learn":[0.02022409289],"iteration":694,"passed_time":8.276635588,"remaining_time":3.632192596},
{"learn":[0.02022408421],"iteration":695,"passed_time":8.287017979,"remaining_time":3.619617049},
{"learn":[0.02022399098],"iteration":696,"passed_time":8.296996851,"remaining_time":3.606872376},
{"learn":[0.02022399427],"iteration":697,"passed_time":8.306833451,"remaining_time":3.594074072},
{"learn":[0.02022370422],"iteration":698,"passed_time":8.315907681,"remaining_time":3.580955954},
{"learn":[0.02022349716],"iteration":699,"passed_time":8.325503152,"remaining_time":3.568072779},
{"learn":[0.02022342301],"iteration":700,"passed_time":8.334079512,"remaining_time":3.5547643},
{"learn":[0.02022335577],"iteration":701,"passed_time":8.343807518,"remaining_time":3.541958177},
{"learn":[0.02022319735],"iteration":702,"passed_time":8.354070182,"remaining_time":3.529386691},
{"learn":[0.02022303903],"iteration":703,"passed_time":8.363529301,"remaining_time":3.516483911},
{"learn":[0.02022301994],"iteration":704,"passed_time":8.37331198,"remaining_time":3.503726289},
{"learn":[0.02022274855],"iteration":705,"passed_time":8.382750841,"remaining_time":3.490833919},
{"learn":[0.02022268821],"iteration":706,"passed_time":8.392976448,"remaining_time":3.478277368},
{"learn":[0.02022268303],"iteration":707,"passed_time":8.402370201,"remaining_time":3.46538432},
{"learn":[0.02022271043],"iteration":708,"passed_time":8.411860522,"remaining_time":3.452540778},
{"learn":[0.02022268654],"iteration":709,"passed_time":8.422162929,"remaining_time":3.44003838},
{"learn":[0.02022247603],"iteration":710,"passed_time":8.432080164,"remaining_time":3.427385608},
{"learn":[0.02022190682],"iteration":711,"passed_time":8.43979241,"remaining_time":3.413848615},
{"learn":[0.02022192402],"iteration":712,"passed_time":8.447130088,"remaining_time":3.400177188},
{"learn":[0.02022183764],"iteration":713,"passed_time":8.456505864,"remaining_time":3.387339884},
{"learn":[0.02022174257],"iteration":714,"passed_time":8.466886514,"remaining_time":3.374912806},
{"learn":[0.02022174257],"iteration":715,"passed_time":8.476400136,"remaining_time":3.36214754},
{"learn":[0.02022177013],"iteration":716,"passed_time":8.487479152,"remaining_time":3.350009205},
{"learn":[0.02022138339],"iteration":717,"passed_time":8.49633762,"remaining_time":3.337001684},
{"learn":[0.02022120938],"iteration":718,"passed_time":8.506303188,"remaining_time":3.324438381},
{"learn":[0.02022116102],"iteration":719,"passed_time":8.515470301,"remaining_time":3.311571784},
{"learn":[0.02022081742],"iteration":720,"passed_time":8.525584497,"remaining_time":3.299081934},
{"learn":[0.02022072608],"iteration":721,"passed_time":8.534697158,"remaining_time":3.286213033},
{"learn":[0.02022053104],"iteration":722,"passed_time":8.542854224,"remaining_time":3.272988409},
{"learn":[0.02022034463],"iteration":723,"passed_time":8.554401838,"remaining_time":3.261070314},
{"learn":[0.02022018933],"iteration":724,"passed_time":8.563599357,"remaining_time":3.248261825},
{"learn":[0.02022019106],"iteration":725,"passed_time":8.573069489,"remaining_time":3.235566171},
{"learn":[0.02022013239],"iteration":726,"passed_time":8.582004822,"remaining_time":3.222678564},
{"learn":[0.02021987879],"iteration":727,"passed_time":8.591041039,"remaining_time":3.209839509},
{"learn":[0.02021972522],"iteration":728,"passed_time":8.599280624,"remaining_time":3.196714745},
{"learn":[0.02021965631],"iteration":729,"passed_time":8.60689963,"remaining_time":3.183373836},
{"learn":[0.02021960449],"iteration":730,"passed_time":8.616351352,"remaining_time":3.170723001},
{"learn":[0.02021962498],"iteration":731,"passed_time":8.625735649,"remaining_time":3.158056221},
{"learn":[0.02021953029],"iteration":732,"passed_time":8.63452844,"remaining_time":3.145182938},
{"learn":[0.02021942476],"iteration":733,"passed_time":8.646917457,"remaining_time":3.133624038},
{"learn":[0.02021940406],"iteration":734,"passed_time":8.662762744,"remaining_time":3.123309017},
{"learn":[0.02021930409],"iteration":735,"passed_time":8.683816605,"remaining_time":3.114847261},
{"learn":[0.02021929379],"iteration":736,"passed_time":8.707405648,"remaining_time":3.107256018},
{"learn":[0.02021915893],"iteration":737,"passed_time":8.72746741,"remaining_time":3.098369189},
{"learn":[0.02021911573],"iteration":738,"passed_time":8.736229011,"remaining_time":3.085461126},
{"learn":[0.02021906219],"iteration":739,"passed_time":8.743807517,"remaining_time":3.072148587},
{"learn":[0.02021862455],"iteration":740,"passed_time":8.751615388,"remaining_time":3.058931694},
{"learn":[0.02021853838],"iteration":741,"passed_time":8.759127795,"remaining_time":3.045626646},
{"learn":[0.02021845912],"iteration":742,"passed_time":8.767051433,"remaining_time":3.032479432},
{"learn":[0.02021836443],"iteration":743,"passed_time":8.775936179,"remaining_time":3.019676965},
{"learn":[0.02021825901],"iteration":744,"passed_time":8.784375696,"remaining_time":3.006732621},
{"learn":[0.02021815214],"iteration":745,"passed_time":8.792011857,"remaining_time":2.993526825},
{"learn":[0.02021817117],"iteration":746,"passed_time":8.800793798,"remaining_time":2.980724004},
{"learn":[0.02021806915],"iteration":747,"passed_time":8.808818594,"remaining_time":2.967676853},
{"learn":[0.02021794863],"iteration":748,"passed_time":8.817318295,"remaining_time":2.954802259},
{"learn":[0.02021796783],"iteration":749,"passed_time":8.826068806,"remaining_time":2.942022935},
{"learn":[0.02021785535],"iteration":750,"passed_time":8.836987897,"remaining_time":2.929973351},
{"learn":[0.02021782596],"iteration":751,"passed_time":8.846006175,"remaining_time":2.917299909},
{"learn":[0.02021770711],"iteration":752,"passed_time":8.855085551,"remaining_time":2.904656217},
{"learn":[0.02021763631],"iteration":753,"passed_time":8.863799876,"remaining_time":2.891902877},
{"learn":[0.02021755521],"iteration":754,"passed_time":8.872140945,"remaining_time":2.879039115},
{"learn":[0.02021754988],"iteration":755,"passed_time":8.880697727,"remaining_time":2.866256938},
{"learn":[0.02021753774],"iteration":756,"passed_time":8.889072576,"remaining_time":2.853427524},
{"learn":[0.02021745476],"iteration":757,"passed_time":8.898546078,"remaining_time":2.840960621},
{"learn":[0.02021732],"iteration":758,"passed_time":8.906973597,"remaining_time":2.828169482},
{"learn":[0.02021723006],"iteration":759,"passed_time":8.914982225,"remaining_time":2.815257545},
{"learn":[0.02021724058],"iteration":760,"passed_time":8.923382025,"remaining_time":2.802481345},
{"learn":[0.02021718353],"iteration":761,"passed_time":8.933515876,"remaining_time":2.79025824},
{"learn":[0.02021707466],"iteration":762,"passed_time":8.941370717,"remaining_time":2.777332713},
{"learn":[0.02021700208],"iteration":763,"passed_time":8.949984431,"remaining_time":2.764654877},
{"learn":[0.02021695732],"iteration":764,"passed_time":8.958316245,"remaining_time":2.751901069},
{"learn":[0.02021693985],"iteration":765,"passed_time":8.966770881,"remaining_time":2.739196327},
{"learn":[0.02021673246],"iteration":766,"passed_time":8.975496869,"remaining_time":2.726585099},
{"learn":[0.02021676018],"iteration":767,"passed_time":8.982764528,"remaining_time":2.713543451},
{"learn":[0.02021647757],"iteration":768,"passed_time":8.99067546,"remaining_time":2.700710054},
{"learn":[0.02021642392],"iteration":769,"passed_time":8.998355027,"remaining_time":2.687820333},
{"learn":[0.02021634104],"iteration":770,"passed_time":9.005892059,"remaining_time":2.674901792},
{"learn":[0.02021615603],"iteration":771,"passed_time":9.013804465,"remaining_time":2.662108054},
{"learn":[0.0202159137],"iteration":772,"passed_time":9.021844182,"remaining_time":2.649364333},
{"learn":[0.02021583778],"iteration":773,"passed_time":9.029804217,"remaining_time":2.6366095},
{"learn":[0.02021580316],"iteration":774,"passed_time":9.036967649,"remaining_time":2.623635769},
{"learn":[0.02021561314],"iteration":775,"passed_time":9.045261188,"remaining_time":2.61100323},
{"learn":[0.02021544711],"iteration":776,"passed_time":9.053367104,"remaining_time":2.598328011},
{"learn":[0.02021536418],"iteration":777,"passed_time":9.061923708,"remaining_time":2.58579314},
{"learn":[0.02021530708],"iteration":778,"passed_time":9.069232138,"remaining_time":2.572914381},
{"learn":[0.02021525181],"iteration":779,"passed_time":9.077870691,"remaining_time":2.560425067},
{"learn":[0.02021517745],"iteration":780,"passed_time":9.085444891,"remaining_time":2.547647159},
{"learn":[0.02021504954],"iteration":781,"passed_time":9.093879034,"remaining_time":2.535122288},
{"learn":[0.02021481838],"iteration":782,"passed_time":9.101870348,"remaining_time":2.522485141},
{"learn":[0.02021421083],"iteration":783,"passed_time":9.109865997,"remaining_time":2.50986104},
{"learn":[0.02021413496],"iteration":784,"passed_time":9.117514718,"remaining_time":2.497153713},
{"learn":[0.02021399163],"iteration":785,"passed_time":9.125230098,"remaining_time":2.484477406},
{"learn":[0.02021392779],"iteration":786,"passed_time":9.132182171,"remaining_time":2.471607119},
{"learn":[0.02021383984],"iteration":787,"passed_time":9.140996611,"remaining_time":2.459252895},
{"learn":[0.02021386395],"iteration":788,"passed_time":9.148354565,"remaining_time":2.446518141},
{"learn":[0.0202135451],"iteration":789,"passed_time":9.15647344,"remaining_time":2.433999269},
{"learn":[0.02021345192],"iteration":790,"passed_time":9.163739273,"remaining_time":2.421266129},
{"learn":[0.020213222],"iteration":791,"passed_time":9.173376168,"remaining_time":2.409169499},
{"learn":[0.02021302831],"iteration":792,"passed_time":9.1811388,"remaining_time":2.396589826},
{"learn":[0.02021262653],"iteration":793,"passed_time":9.189777407,"remaining_time":2.384249554},
{"learn":[0.0202126454],"iteration":794,"passed_time":9.197449212,"remaining_time":2.371669294},
{"learn":[0.0202125195],"iteration":795,"passed_time":9.205942436,"remaining_time":2.359311881},
{"learn":[0.02021252284],"iteration":796,"passed_time":9.214189549,"remaining_time":2.346901479},
{"learn":[0.02021228801],"iteration":797,"passed_time":9.222632511,"remaining_time":2.334551087},
{"learn":[0.02021225684],"iteration":798,"passed_time":9.229958172,"remaining_time":2.321929402},
{"learn":[0.02021151195],"iteration":799,"passed_time":9.237984666,"remaining_time":2.309496166},
{"learn":[0.02021136178],"iteration":800,"passed_time":9.244978566,"remaining_time":2.296817397},
{"learn":[0.02021133045],"iteration":801,"passed_time":9.252951147,"remaining_time":2.284394423},
{"learn":[0.02021130974],"iteration":802,"passed_time":9.261712993,"remaining_time":2.272176164},
{"learn":[0.02021127189],"iteration":803,"passed_time":9.270860244,"remaining_time":2.260060457},
{"learn":[0.02021125107],"iteration":804,"passed_time":9.282918856,"remaining_time":2.248657363},
{"learn":[0.02021112004],"iteration":805,"passed_time":9.290550053,"remaining_time":2.236186985},
{"learn":[0.02021110095],"iteration":806,"passed_time":9.298027195,"remaining_time":2.223691758},
{"learn":[0.02021105954],"iteration":807,"passed_time":9.305011504,"remaining_time":2.211091843},
{"learn":[0.02021078389],"iteration":808,"passed_time":9.312898127,"remaining_time":2.198718841},
{"learn":[0.02021071309],"iteration":809,"passed_time":9.321125733,"remaining_time":2.1864369},
{"learn":[0.02021066984],"iteration":810,"passed_time":9.329184836,"remaining_time":2.174125689},
{"learn":[0.0202106404],"iteration":811,"passed_time":9.336377098,"remaining_time":2.161624254},
{"learn":[0.02021043647],"iteration":812,"passed_time":9.345420839,"remaining_time":2.149561743},
{"learn":[0.02021042951],"iteration":813,"passed_time":9.353305668,"remaining_time":2.137241836},
{"learn":[0.02021032598],"iteration":814,"passed_time":9.36140591,"remaining_time":2.12498171},
{"learn":[0.02021029826],"iteration":815,"passed_time":9.370091489,"remaining_time":2.112863767},
{"learn":[0.02021014297],"iteration":816,"passed_time":9.37872358,"remaining_time":2.100742246},
{"learn":[0.02021002876],"iteration":817,"passed_time":9.386990914,"remaining_time":2.088548101},
{"learn":[0.02020984763],"iteration":818,"passed_time":9.394607943,"remaining_time":2.076219826},
{"learn":[0.02020962132],"iteration":819,"passed_time":9.401548654,"remaining_time":2.063754583},
{"learn":[0.02020952302],"iteration":820,"passed_time":9.409671374,"remaining_time":2.051560507},
{"learn":[0.02020954022],"iteration":821,"passed_time":9.417906938,"remaining_time":2.039400772},
{"learn":[0.02020948662],"iteration":822,"passed_time":9.426468234,"remaining_time":2.027320629},
{"learn":[0.02020939166],"iteration":823,"passed_time":9.434326933,"remaining_time":2.015098957},
{"learn":[0.02020926732],"iteration":824,"passed_time":9.442590431,"remaining_time":2.002973728},
{"learn":[0.02020920347],"iteration":825,"passed_time":9.449962614,"remaining_time":1.990670091},
{"learn":[0.02020914303],"iteration":826,"passed_time":9.457915228,"remaining_time":1.9784998},
{"learn":[0.02020909282],"iteration":827,"passed_time":9.465501596,"remaining_time":1.966263616},
{"learn":[0.02020848183],"iteration":828,"passed_time":9.473612656,"remaining_time":1.954146881},
{"learn":[0.02020831812],"iteration":829,"passed_time":9.482112377,"remaining_time":1.942119402},
{"learn":[0.02020804813],"iteration":830,"passed_time":9.489689251,"remaining_time":1.929912736},
{"learn":[0.02020743465],"iteration":831,"passed_time":9.497569968,"remaining_time":1.917778551},
{"learn":[0.02020725531],"iteration":832,"passed_time":9.506325236,"remaining_time":1.905829909},
{"learn":[0.02020724172],"iteration":833,"passed_time":9.514274514,"remaining_time":1.8937285},
{"learn":[0.02020691387],"iteration":834,"passed_time":9.52233516,"remaining_time":1.881659044},
{"learn":[0.02020672066],"iteration":835,"passed_time":9.53024224,"remaining_time":1.869569052},
{"learn":[0.02020649257],"iteration":836,"passed_time":9.539177318,"remaining_time":1.857689251},
{"learn":[0.02020629764],"iteration":837,"passed_time":9.546498251,"remaining_time":1.845504435},
{"learn":[0.02020623714],"iteration":838,"passed_time":9.554468766,"remaining_time":1.833455866},
{"learn":[0.02020616149],"iteration":839,"passed_time":9.562452652,"remaining_time":1.821419553},
{"learn":[0.02020604528],"iteration":840,"passed_time":9.572899477,"remaining_time":1.809858522},
{"learn":[0.02020595885],"iteration":841,"passed_time":9.580044073,"remaining_time":1.797680479},
{"learn":[0.02020578624],"iteration":842,"passed_time":9.58819172,"remaining_time":1.785701186},
{"learn":[0.02020588114],"iteration":843,"passed_time":9.596394802,"remaining_time":1.773741219},
{"learn":[0.02020569452],"iteration":844,"passed_time":9.605712101,"remaining_time":1.761994527},
{"learn":[0.02020562733],"iteration":845,"passed_time":9.614170861,"remaining_time":1.750097296},
{"learn":[0.02020517638],"iteration":846,"passed_time":9.622586375,"remaining_time":1.738200372},
{"learn":[0.02020512461],"iteration":847,"passed_time":9.63013649,"remaining_time":1.726156541},
{"learn":[0.02020494343],"iteration":848,"passed_time":9.638737977,"remaining_time":1.714310288},
{"learn":[0.02020487608],"iteration":849,"passed_time":9.646626451,"remaining_time":1.702345844},
{"learn":[0.02020486918],"iteration":850,"passed_time":9.65468312,"remaining_time":1.690420429},
{"learn":[0.02020400944],"iteration":851,"passed_time":9.662745644,"remaining_time":1.678505112},
{"learn":[0.02020395945],"iteration":852,"passed_time":9.670836279,"remaining_time":1.666603673},
{"learn":[0.0202035594],"iteration":853,"passed_time":9.678166054,"remaining_time":1.654581082},
{"learn":[0.02020330381],"iteration":854,"passed_time":9.685874098,"remaining_time":1.642633619},
{"learn":[0.02020326935],"iteration":855,"passed_time":9.693700266,"remaining_time":1.630715933},
{"learn":[0.0202030638],"iteration":856,"passed_time":9.701753258,"remaining_time":1.618845643},
{"learn":[0.02020301025],"iteration":857,"passed_time":9.709764387,"remaining_time":1.606977323},
{"learn":[0.02020301025],"iteration":858,"passed_time":9.719101624,"remaining_time":1.595335657},
{"learn":[0.02020292225],"iteration":859,"passed_time":9.727483964,"remaining_time":1.583543901},
{"learn":[0.02020264304],"iteration":860,"passed_time":9.735953766,"remaining_time":1.571774185},
{"learn":[0.02020253762],"iteration":861,"passed_time":9.744059678,"remaining_time":1.55995387},
{"learn":[0.02020230797],"iteration":862,"passed_time":9.751916145,"remaining_time":1.548102563},
{"learn":[0.02020234598],"iteration":863,"passed_time":9.759591375,"remaining_time":1.536231976},
{"learn":[0.02020203199],"iteration":864,"passed_time":9.769048768,"remaining_time":1.52464923},
{"learn":[0.02020203398],"iteration":865,"passed_time":9.777461066,"remaining_time":1.51290968},
{"learn":[0.02020178691],"iteration":866,"passed_time":9.786228178,"remaining_time":1.501232235},
{"learn":[0.02020173342],"iteration":867,"passed_time":9.793107575,"remaining_time":1.489274424},
{"learn":[0.02020159883],"iteration":868,"passed_time":9.802516365,"remaining_time":1.477709602},
{"learn":[0.02020149535],"iteration":869,"passed_time":9.810900848,"remaining_time":1.465996678},
{"learn":[0.0202013537],"iteration":870,"passed_time":9.819355463,"remaining_time":1.454301785},
{"learn":[0.02020139511],"iteration":871,"passed_time":9.827792112,"remaining_time":1.442611686},
{"learn":[0.02020120363],"iteration":872,"passed_time":9.835742477,"remaining_time":1.430858298},
{"learn":[0.02020122083],"iteration":873,"passed_time":9.842705868,"remaining_time":1.418971326},
{"learn":[0.02020092221],"iteration":874,"passed_time":9.850840074,"remaining_time":1.407262868},
{"learn":[0.02020093256],"iteration":875,"passed_time":9.85933936,"remaining_time":1.395614247},
{"learn":[0.02020069061],"iteration":876,"passed_time":9.867119616,"remaining_time":1.383871964},
{"learn":[0.02020060957],"iteration":877,"passed_time":9.874720267,"remaining_time":1.37211375},
{"learn":[0.0202005544],"iteration":878,"passed_time":9.882138988,"remaining_time":1.360339952},
{"learn":[0.02020050776],"iteration":879,"passed_time":9.889313633,"remaining_time":1.348542768},
{"learn":[0.02020037317],"iteration":880,"passed_time":9.897422974,"remaining_time":1.336882331},
{"learn":[0.02020009202],"iteration":881,"passed_time":9.904683512,"remaining_time":1.325116388},
{"learn":[0.02019994697],"iteration":882,"passed_time":9.912832015,"remaining_time":1.313478308},
{"learn":[0.02019994697],"iteration":883,"passed_time":9.92039729,"remaining_time":1.30177159},
{"learn":[0.02019981928],"iteration":884,"passed_time":9.928584073,"remaining_time":1.290154993},
{"learn":[0.02019957431],"iteration":885,"passed_time":9.935863636,"remaining_time":1.278429407},
{"learn":[0.02019947423],"iteration":886,"passed_time":9.944382773,"remaining_time":1.266871762},
{"learn":[0.02019949504],"iteration":887,"passed_time":9.951994017,"remaining_time":1.255206453},
{"learn":[0.02019940871],"iteration":888,"passed_time":9.961440325,"remaining_time":1.243779388},
{"learn":[0.02019929812],"iteration":889,"passed_time":9.969840855,"remaining_time":1.232227521},
{"learn":[0.02019920133],"iteration":890,"passed_time":9.977736626,"remaining_time":1.220620979},
{"learn":[0.02019922036],"iteration":891,"passed_time":9.985702943,"remaining_time":1.209031298},
{"learn":[0.02019906684],"iteration":892,"passed_time":9.994742457,"remaining_time":1.197578323},
{"learn":[0.02019902192],"iteration":893,"passed_time":10.0027587,"remaining_time":1.186009421},
{"learn":[0.02019902888],"iteration":894,"passed_time":10.01121584,"remaining_time":1.174500183},
{"learn":[0.02019895285],"iteration":895,"passed_time":10.01862687,"remaining_time":1.162876333},
{"learn":[0.02019886986],"iteration":896,"passed_time":10.0260767,"remaining_time":1.151266333},
{"learn":[0.02019866442],"iteration":897,"passed_time":10.0336037,"remaining_time":1.139674363},
{"learn":[0.02019848313],"iteration":898,"passed_time":10.04136599,"remaining_time":1.12811787},
{"learn":[0.02019834352],"iteration":899,"passed_time":10.04981108,"remaining_time":1.116645675},
{"learn":[0.02019816542],"iteration":900,"passed_time":10.05795568,"remaining_time":1.105147183},
{"learn":[0.02019792579],"iteration":901,"passed_time":10.06590741,"remaining_time":1.093635173},
{"learn":[0.02019754779],"iteration":902,"passed_time":10.07503745,"remaining_time":1.082257622},
{"learn":[0.02019745801],"iteration":903,"passed_time":10.08235171,"remaining_time":1.070692218},
{"learn":[0.02019735615],"iteration":904,"passed_time":10.09094081,"remaining_time":1.05927003},
{"learn":[0.02019734925],"iteration":905,"passed_time":10.09819915,"remaining_time":1.047716027},
{"learn":[0.02019728033],"iteration":906,"passed_time":10.10685455,"remaining_time":1.036314744},
{"learn":[0.02019703321],"iteration":907,"passed_time":10.11426702,"remaining_time":1.024793575},
{"learn":[0.02019703477],"iteration":908,"passed_time":10.12344829,"remaining_time":1.013458519},
{"learn":[0.02019690859],"iteration":909,"passed_time":10.13156138,"remaining_time":1.002022554},
{"learn":[0.02019688422],"iteration":910,"passed_time":10.13971254,"remaining_time":0.9905976027},
{"learn":[0.02019674968],"iteration":911,"passed_time":10.1472704,"remaining_time":0.9791225826},
{"learn":[0.0201965423],"iteration":912,"passed_time":10.15601249,"remaining_time":0.9677689891},
{"learn":[0.02019657017],"iteration":913,"passed_time":10.16368534,"remaining_time":0.9563205024},
{"learn":[0.020196475],"iteration":914,"passed_time":10.17157556,"remaining_time":0.9449004617},
{"learn":[0.02019647851],"iteration":915,"passed_time":10.17967584,"remaining_time":0.9335073912},
{"learn":[0.02019628843],"iteration":916,"passed_time":10.1882395,"remaining_time":0.9221634448},
{"learn":[0.02019628331],"iteration":917,"passed_time":10.19664174,"remaining_time":0.9108111356},
{"learn":[0.02019597773],"iteration":918,"passed_time":10.20499104,"remaining_time":0.8994605817},
{"learn":[0.02019586228],"iteration":919,"passed_time":10.21272747,"remaining_time":0.8880632579},
{"learn":[0.0201957829],"iteration":920,"passed_time":10.22187005,"remaining_time":0.876794499},
{"learn":[0.0201957829],"iteration":921,"passed_time":10.23038805,"remaining_time":0.8654775139},
{"learn":[0.02019574845],"iteration":922,"passed_time":10.23896247,"remaining_time":0.8541713},
{"learn":[0.02019574845],"iteration":923,"passed_time":10.24566854,"remaining_time":0.8427173258},
{"learn":[0.02019570003],"iteration":924,"passed_time":10.25360183,"remaining_time":0.8313731213},
{"learn":[0.02019562933],"iteration":925,"passed_time":10.26052515,"remaining_time":0.8199555735},
{"learn":[0.02019558959],"iteration":926,"passed_time":10.26870413,"remaining_time":0.8086466032},
{"learn":[0.02019550688],"iteration":927,"passed_time":10.27544891,"remaining_time":0.7972331049},
{"learn":[0.02019532915],"iteration":928,"passed_time":10.28412325,"remaining_time":0.7859771266},
{"learn":[0.02019525328],"iteration":929,"passed_time":10.29126381,"remaining_time":0.7746112546},
{"learn":[0.0201952412],"iteration":930,"passed_time":10.29907251,"remaining_time":0.7633039775},
{"learn":[0.02019513077],"iteration":931,"passed_time":10.30629017,"remaining_time":0.7519610854},
{"learn":[0.02019481332],"iteration":932,"passed_time":10.31530648,"remaining_time":0.7407561993},
{"learn":[0.02019464595],"iteration":933,"passed_time":10.32334168,"remaining_time":0.7294866712},
{"learn":[0.02019466347],"iteration":934,"passed_time":10.33233203,"remaining_time":0.7182904619},
{"learn":[0.02019455466],"iteration":935,"passed_time":10.34004348,"remaining_time":0.7070115199},
{"learn":[0.02019426121],"iteration":936,"passed_time":10.34809625,"remaining_time":0.6957631415},
{"learn":[0.02019416453],"iteration":937,"passed_time":10.35519485,"remaining_time":0.6844585085},
{"learn":[0.02019414037],"iteration":938,"passed_time":10.36276725,"remaining_time":0.6731936126},
{"learn":[0.02019410931],"iteration":939,"passed_time":10.37178618,"remaining_time":0.662028905},
{"learn":[0.02019386774],"iteration":940,"passed_time":10.38184308,"remaining_time":0.6509338383},
{"learn":[0.02019387291],"iteration":941,"passed_time":10.39094923,"remaining_time":0.6397824364},
{"learn":[0.02019387119],"iteration":942,"passed_time":10.39877931,"remaining_time":0.6285582403},
{"learn":[0.02019358459],"iteration":943,"passed_time":10.40628997,"remaining_time":0.6173222866},
{"learn":[0.02019350182],"iteration":944,"passed_time":10.41486134,"remaining_time":0.606155951},
{"learn":[0.02019340336],"iteration":945,"passed_time":10.42280455,"remaining_time":0.5949592451},
{"learn":[0.02019334647],"iteration":946,"passed_time":10.43153003,"remaining_time":0.5838131905},
{"learn":[0.02019325653],"iteration":947,"passed_time":10.43916751,"remaining_time":0.5726125641},
{"learn":[0.02019310463],"iteration":948,"passed_time":10.44815524,"remaining_time":0.5614920096},
{"learn":[0.02019297866],"iteration":949,"passed_time":10.45707514,"remaining_time":0.5503723759},
{"learn":[0.02019290258],"iteration":950,"passed_time":10.46534689,"remaining_time":0.5392239723},
{"learn":[0.02019277327],"iteration":951,"passed_time":10.47311631,"remaining_time":0.5280562845},
{"learn":[0.02019219339],"iteration":952,"passed_time":10.48144063,"remaining_time":0.516923095},
{"learn":[0.02019203604],"iteration":953,"passed_time":10.48957424,"remaining_time":0.5057865988},
{"learn":[0.02019167223],"iteration":954,"passed_time":10.49757873,"remaining_time":0.4946503065},
{"learn":[0.02019161011],"iteration":955,"passed_time":10.50559909,"remaining_time":0.4835212969},
{"learn":[0.02019148921],"iteration":956,"passed_time":10.51313508,"remaining_time":0.4723770205},
{"learn":[0.02019148414],"iteration":957,"passed_time":10.52197527,"remaining_time":0.4612974545},
{"learn":[0.02019136853],"iteration":958,"passed_time":10.52976478,"remaining_time":0.4501776391},
{"learn":[0.02019132022],"iteration":959,"passed_time":10.53810343,"remaining_time":0.439087643},
{"learn":[0.0201910752],"iteration":960,"passed_time":10.54505053,"remaining_time":0.4279468996},
{"learn":[0.02019101653],"iteration":961,"passed_time":10.55251288,"remaining_time":0.4168352283},
{"learn":[0.02019087158],"iteration":962,"passed_time":10.56095482,"remaining_time":0.4057687731},
{"learn":[0.02019081815],"iteration":963,"passed_time":10.56820283,"remaining_time":0.3946631764},
{"learn":[0.02019077501],"iteration":964,"passed_time":10.57626632,"remaining_time":0.3835951514},
{"learn":[0.02019074568],"iteration":965,"passed_time":10.58373855,"remaining_time":0.3725125368},
{"learn":[0.02019070415],"iteration":966,"passed_time":10.59257001,"remaining_time":0.3614837748},
{"learn":[0.02019068194],"iteration":967,"passed_time":10.60054062,"remaining_time":0.350431095},
{"learn":[0.02019068528],"iteration":968,"passed_time":10.60902755,"remaining_time":0.3394012942},
{"learn":[0.02019052988],"iteration":969,"passed_time":10.61784691,"remaining_time":0.3283870179},
{"learn":[0.02019046053],"iteration":970,"passed_time":10.62578217,"remaining_time":0.3173508578},
{"learn":[0.02019032788],"iteration":971,"passed_time":10.63305374,"remaining_time":0.3063019596},
{"learn":[0.02019028992],"iteration":972,"passed_time":10.64159935,"remaining_time":0.2952961793},
{"learn":[0.02019017426],"iteration":973,"passed_time":10.64971772,"remaining_time":0.2842840459},
{"learn":[0.02019017426],"iteration":974,"passed_time":10.65771689,"remaining_time":0.273274792},
{"learn":[0.02019020699],"iteration":975,"passed_time":10.66554985,"remaining_time":0.2622676193},
{"learn":[0.0201899776],"iteration":976,"passed_time":10.67304611,"remaining_time":0.251259018},
{"learn":[0.02018968966],"iteration":977,"passed_time":10.6800592,"remaining_time":0.2402467304},
{"learn":[0.02018954336],"iteration":978,"passed_time":10.68775512,"remaining_time":0.22925726},
{"learn":[0.0201895225],"iteration":979,"passed_time":10.69545808,"remaining_time":0.2182746547},
{"learn":[0.02018935356],"iteration":980,"passed_time":10.70439072,"remaining_time":0.2073225522},
{"learn":[0.02018935356],"iteration":981,"passed_time":10.7119725,"remaining_time":0.1963498015},
{"learn":[0.02018935356],"iteration":982,"passed_time":10.72003281,"remaining_time":0.1853922255},
{"learn":[0.02018936369],"iteration":983,"passed_time":10.72769823,"remaining_time":0.1744341176},
{"learn":[0.02018929818],"iteration":984,"passed_time":10.73487628,"remaining_time":0.1634752734},
{"learn":[0.02018912886],"iteration":985,"passed_time":10.74182152,"remaining_time":0.1525207924},
{"learn":[0.02018885979],"iteration":986,"passed_time":10.74980134,"remaining_time":0.1415880623},
{"learn":[0.02018863547],"iteration":987,"passed_time":10.75750341,"remaining_time":0.1306579362},
{"learn":[0.02018866486],"iteration":988,"passed_time":10.76593787,"remaining_time":0.1197424839},
{"learn":[0.02018838705],"iteration":989,"passed_time":10.7737503,"remaining_time":0.1088257606},
{"learn":[0.0201882283],"iteration":990,"passed_time":10.78209144,"remaining_time":0.09792010386},
{"learn":[0.02018824901],"iteration":991,"passed_time":10.84774059,"remaining_time":0.08748177895},
{"learn":[0.02018771393],"iteration":992,"passed_time":10.8570451,"remaining_time":0.0765350611},
{"learn":[0.02018771744],"iteration":993,"passed_time":10.87285987,"remaining_time":0.06563094488},
{"learn":[0.02018759336],"iteration":994,"passed_time":10.8809371,"remaining_time":0.05467807586},
{"learn":[0.02018757616],"iteration":995,"passed_time":10.88768114,"remaining_time":0.04372562707},
{"learn":[0.02018727053],"iteration":996,"passed_time":10.89560248,"remaining_time":0.03278516291},
{"learn":[0.02018716182],"iteration":997,"passed_time":10.90401669,"remaining_time":0.02185173686},
{"learn":[0.02018717374],"iteration":998,"passed_time":10.91233512,"remaining_time":0.01092325837},
{"learn":[0.02018707366],"iteration":999,"passed_time":10.91921764,"remaining_time":0}
]}